ref_name,dis_name,mos,ref_width,ref_height,dis_width,dis_height,
source/01.mp4,HEVC/01/960x540_1.mp4,18.21,3840,2160,960,540,
source/01.mp4,HEVC/01/960x540_2.mp4,39.46,3840,2160,960,540,
source/01.mp4,HEVC/01/960x540_3.mp4,50.23,3840,2160,960,540,
source/01.mp4,HEVC/01/960x540_4.mp4,77.26,3840,2160,960,540,
source/01.mp4,HEVC/01/1920x1080_1.mp4,7.61,3840,2160,1920,1080,
source/01.mp4,HEVC/01/1920x1080_2.mp4,25.98,3840,2160,1920,1080,
source/01.mp4,HEVC/01/1920x1080_3.mp4,52.29,3840,2160,1920,1080,
source/01.mp4,HEVC/01/1920x1080_4.mp4,71.7,3840,2160,1920,1080,
source/01.mp4,HEVC/01/3840x2160_1.mp4,20.19,3840,2160,3840,2160,
source/01.mp4,HEVC/01/3840x2160_2.mp4,41.13,3840,2160,3840,2160,
source/01.mp4,HEVC/01/3840x2160_3.mp4,61.84,3840,2160,3840,2160,
source/01.mp4,HEVC/01/3840x2160_4.mp4,79.82,3840,2160,3840,2160,
source/01.mp4,H264/01/960x540_1.mp4,18.41,3840,2160,960,540,
source/01.mp4,H264/01/960x540_2.mp4,44.31,3840,2160,960,540,
source/01.mp4,H264/01/960x540_3.mp4,65.09,3840,2160,960,540,
source/01.mp4,H264/01/960x540_4.mp4,78.76,3840,2160,960,540,
source/01.mp4,H264/01/1920x1080_1.mp4,13.07,3840,2160,1920,1080,
source/01.mp4,H264/01/1920x1080_2.mp4,32.79,3840,2160,1920,1080,
source/01.mp4,H264/01/1920x1080_3.mp4,52.97,3840,2160,1920,1080,
source/01.mp4,H264/01/1920x1080_4.mp4,76.17,3840,2160,1920,1080,
source/01.mp4,H264/01/3840x2160_1.mp4,9.78,3840,2160,3840,2160,
source/01.mp4,H264/01/3840x2160_2.mp4,32.52,3840,2160,3840,2160,
source/01.mp4,H264/01/3840x2160_3.mp4,53.6,3840,2160,3840,2160,
source/01.mp4,H264/01/3840x2160_4.mp4,73.01,3840,2160,3840,2160,
source/01.mp4,VP9/01/960x540_1.mp4,41.97,3840,2160,960,540,
source/01.mp4,VP9/01/960x540_2.mp4,56.72,3840,2160,960,540,
source/01.mp4,VP9/01/960x540_3.mp4,64,3840,2160,960,540,
source/01.mp4,VP9/01/960x540_4.mp4,76.55,3840,2160,960,540,
source/01.mp4,VP9/01/1920x1080_1.mp4,29.02,3840,2160,1920,1080,
source/01.mp4,VP9/01/1920x1080_2.mp4,57.26,3840,2160,1920,1080,
source/01.mp4,VP9/01/1920x1080_3.mp4,74.54,3840,2160,1920,1080,
source/01.mp4,VP9/01/1920x1080_4.mp4,82.28,3840,2160,1920,1080,
source/01.mp4,VP9/01/3840x2160_1.mp4,40.42,3840,2160,3840,2160,
source/01.mp4,VP9/01/3840x2160_2.mp4,43.29,3840,2160,3840,2160,
source/01.mp4,VP9/01/3840x2160_3.mp4,73.59,3840,2160,3840,2160,
source/01.mp4,VP9/01/3840x2160_4.mp4,87.46,3840,2160,3840,2160,
source/01.mp4,AVS2/01/960x540_1.mp4,19.88,3840,2160,960,540,
source/01.mp4,AVS2/01/960x540_2.mp4,46.61,3840,2160,960,540,
source/01.mp4,AVS2/01/960x540_3.mp4,54.3,3840,2160,960,540,
source/01.mp4,AVS2/01/960x540_4.mp4,76.84,3840,2160,960,540,
source/01.mp4,AVS2/01/1920x1080_1.mp4,10,3840,2160,1920,1080,
source/01.mp4,AVS2/01/1920x1080_2.mp4,21.64,3840,2160,1920,1080,
source/01.mp4,AVS2/01/1920x1080_3.mp4,68.73,3840,2160,1920,1080,
source/01.mp4,AVS2/01/1920x1080_4.mp4,81.01,3840,2160,1920,1080,
source/01.mp4,AVS2/01/3840x2160_1.mp4,26.24,3840,2160,3840,2160,
source/01.mp4,AVS2/01/3840x2160_2.mp4,37.72,3840,2160,3840,2160,
source/01.mp4,AVS2/01/3840x2160_3.mp4,56.78,3840,2160,3840,2160,
source/01.mp4,AVS2/01/3840x2160_4.mp4,73.46,3840,2160,3840,2160,
source/01.mp4,AV1/01/960x540_1.mp4,49.29,3840,2160,960,540,
source/01.mp4,AV1/01/960x540_2.mp4,68.37,3840,2160,960,540,
source/01.mp4,AV1/01/960x540_3.mp4,70.75,3840,2160,960,540,
source/01.mp4,AV1/01/960x540_4.mp4,76.37,3840,2160,960,540,
source/01.mp4,AV1/01/1920x1080_1.mp4,53.91,3840,2160,1920,1080,
source/01.mp4,AV1/01/1920x1080_2.mp4,76.77,3840,2160,1920,1080,
source/01.mp4,AV1/01/1920x1080_3.mp4,85.47,3840,2160,1920,1080,
source/01.mp4,AV1/01/1920x1080_4.mp4,86.85,3840,2160,1920,1080,
source/01.mp4,AV1/01/3840x2160_1.mp4,55.37,3840,2160,3840,2160,
source/01.mp4,AV1/01/3840x2160_2.mp4,70.7,3840,2160,3840,2160,
source/01.mp4,AV1/01/3840x2160_3.mp4,83.18,3840,2160,3840,2160,
source/01.mp4,AV1/01/3840x2160_4.mp4,86.13,3840,2160,3840,2160,
source/02.mp4,HEVC/02/960x540_1.mp4,31.13,3840,2160,960,540,
source/02.mp4,HEVC/02/960x540_2.mp4,45.03,3840,2160,960,540,
source/02.mp4,HEVC/02/960x540_3.mp4,47.79,3840,2160,960,540,
source/02.mp4,HEVC/02/960x540_4.mp4,53.02,3840,2160,960,540,
source/02.mp4,HEVC/02/1920x1080_1.mp4,21.54,3840,2160,1920,1080,
source/02.mp4,HEVC/02/1920x1080_2.mp4,44.5,3840,2160,1920,1080,
source/02.mp4,HEVC/02/1920x1080_3.mp4,65.74,3840,2160,1920,1080,
source/02.mp4,HEVC/02/1920x1080_4.mp4,83.54,3840,2160,1920,1080,
source/02.mp4,HEVC/02/3840x2160_1.mp4,50.93,3840,2160,3840,2160,
source/02.mp4,HEVC/02/3840x2160_2.mp4,67.79,3840,2160,3840,2160,
source/02.mp4,HEVC/02/3840x2160_3.mp4,81.55,3840,2160,3840,2160,
source/02.mp4,HEVC/02/3840x2160_4.mp4,83.7,3840,2160,3840,2160,
source/02.mp4,H264/02/960x540_1.mp4,5.78,3840,2160,960,540,
source/02.mp4,H264/02/960x540_2.mp4,30.68,3840,2160,960,540,
source/02.mp4,H264/02/960x540_3.mp4,52.35,3840,2160,960,540,
source/02.mp4,H264/02/960x540_4.mp4,52.77,3840,2160,960,540,
source/02.mp4,H264/02/1920x1080_1.mp4,9.13,3840,2160,1920,1080,
source/02.mp4,H264/02/1920x1080_2.mp4,35.8,3840,2160,1920,1080,
source/02.mp4,H264/02/1920x1080_3.mp4,45.29,3840,2160,1920,1080,
source/02.mp4,H264/02/1920x1080_4.mp4,72.47,3840,2160,1920,1080,
source/02.mp4,H264/02/3840x2160_1.mp4,19.71,3840,2160,3840,2160,
source/02.mp4,H264/02/3840x2160_2.mp4,41.19,3840,2160,3840,2160,
source/02.mp4,H264/02/3840x2160_3.mp4,63.85,3840,2160,3840,2160,
source/02.mp4,H264/02/3840x2160_4.mp4,72.65,3840,2160,3840,2160,
source/02.mp4,VP9/02/960x540_1.mp4,34.32,3840,2160,960,540,
source/02.mp4,VP9/02/960x540_2.mp4,49.57,3840,2160,960,540,
source/02.mp4,VP9/02/960x540_3.mp4,44.41,3840,2160,960,540,
source/02.mp4,VP9/02/960x540_4.mp4,59.24,3840,2160,960,540,
source/02.mp4,VP9/02/1920x1080_1.mp4,39.72,3840,2160,1920,1080,
source/02.mp4,VP9/02/1920x1080_2.mp4,65.79,3840,2160,1920,1080,
source/02.mp4,VP9/02/1920x1080_3.mp4,73.08,3840,2160,1920,1080,
source/02.mp4,VP9/02/1920x1080_4.mp4,77.77,3840,2160,1920,1080,
source/02.mp4,VP9/02/3840x2160_1.mp4,58.57,3840,2160,3840,2160,
source/02.mp4,VP9/02/3840x2160_2.mp4,72.26,3840,2160,3840,2160,
source/02.mp4,VP9/02/3840x2160_3.mp4,73.22,3840,2160,3840,2160,
source/02.mp4,VP9/02/3840x2160_4.mp4,86.3,3840,2160,3840,2160,
source/02.mp4,AVS2/02/960x540_1.mp4,44.54,3840,2160,960,540,
source/02.mp4,AVS2/02/960x540_2.mp4,47.59,3840,2160,960,540,
source/02.mp4,AVS2/02/960x540_3.mp4,46.57,3840,2160,960,540,
source/02.mp4,AVS2/02/960x540_4.mp4,49.92,3840,2160,960,540,
source/02.mp4,AVS2/02/1920x1080_1.mp4,51.63,3840,2160,1920,1080,
source/02.mp4,AVS2/02/1920x1080_2.mp4,74.22,3840,2160,1920,1080,
source/02.mp4,AVS2/02/1920x1080_3.mp4,81.69,3840,2160,1920,1080,
source/02.mp4,AVS2/02/1920x1080_4.mp4,80.78,3840,2160,1920,1080,
source/02.mp4,AVS2/02/3840x2160_1.mp4,77.52,3840,2160,3840,2160,
source/02.mp4,AVS2/02/3840x2160_2.mp4,83.99,3840,2160,3840,2160,
source/02.mp4,AVS2/02/3840x2160_3.mp4,84.53,3840,2160,3840,2160,
source/02.mp4,AVS2/02/3840x2160_4.mp4,88.49,3840,2160,3840,2160,
source/02.mp4,AV1/02/960x540_1.mp4,46.34,3840,2160,960,540,
source/02.mp4,AV1/02/960x540_2.mp4,61.71,3840,2160,960,540,
source/02.mp4,AV1/02/960x540_3.mp4,58.47,3840,2160,960,540,
source/02.mp4,AV1/02/960x540_4.mp4,59.99,3840,2160,960,540,
source/02.mp4,AV1/02/1920x1080_1.mp4,65.84,3840,2160,1920,1080,
source/02.mp4,AV1/02/1920x1080_2.mp4,80.57,3840,2160,1920,1080,
source/02.mp4,AV1/02/1920x1080_3.mp4,78.23,3840,2160,1920,1080,
source/02.mp4,AV1/02/1920x1080_4.mp4,86.81,3840,2160,1920,1080,
source/02.mp4,AV1/02/3840x2160_1.mp4,75.01,3840,2160,3840,2160,
source/02.mp4,AV1/02/3840x2160_2.mp4,79.91,3840,2160,3840,2160,
source/02.mp4,AV1/02/3840x2160_3.mp4,81.4,3840,2160,3840,2160,
source/02.mp4,AV1/02/3840x2160_4.mp4,88.05,3840,2160,3840,2160,
source/03.mp4,HEVC/03/960x540_1.mp4,16.72,3840,2160,960,540,
source/03.mp4,HEVC/03/960x540_2.mp4,39.24,3840,2160,960,540,
source/03.mp4,HEVC/03/960x540_3.mp4,51.05,3840,2160,960,540,
source/03.mp4,HEVC/03/960x540_4.mp4,73.62,3840,2160,960,540,
source/03.mp4,HEVC/03/1920x1080_1.mp4,7.31,3840,2160,1920,1080,
source/03.mp4,HEVC/03/1920x1080_2.mp4,22.92,3840,2160,1920,1080,
source/03.mp4,HEVC/03/1920x1080_3.mp4,57.87,3840,2160,1920,1080,
source/03.mp4,HEVC/03/1920x1080_4.mp4,73.65,3840,2160,1920,1080,
source/03.mp4,HEVC/03/3840x2160_1.mp4,20.82,3840,2160,3840,2160,
source/03.mp4,HEVC/03/3840x2160_2.mp4,46.67,3840,2160,3840,2160,
source/03.mp4,HEVC/03/3840x2160_3.mp4,57.49,3840,2160,3840,2160,
source/03.mp4,HEVC/03/3840x2160_4.mp4,73.49,3840,2160,3840,2160,
source/03.mp4,H264/03/960x540_1.mp4,13.42,3840,2160,960,540,
source/03.mp4,H264/03/960x540_2.mp4,35.01,3840,2160,960,540,
source/03.mp4,H264/03/960x540_3.mp4,55.48,3840,2160,960,540,
source/03.mp4,H264/03/960x540_4.mp4,72.55,3840,2160,960,540,
source/03.mp4,H264/03/1920x1080_1.mp4,10.43,3840,2160,1920,1080,
source/03.mp4,H264/03/1920x1080_2.mp4,29.1,3840,2160,1920,1080,
source/03.mp4,H264/03/1920x1080_3.mp4,44.29,3840,2160,1920,1080,
source/03.mp4,H264/03/1920x1080_4.mp4,73.99,3840,2160,1920,1080,
source/03.mp4,H264/03/3840x2160_1.mp4,13.32,3840,2160,3840,2160,
source/03.mp4,H264/03/3840x2160_2.mp4,32.46,3840,2160,3840,2160,
source/03.mp4,H264/03/3840x2160_3.mp4,48.49,3840,2160,3840,2160,
source/03.mp4,H264/03/3840x2160_4.mp4,65.12,3840,2160,3840,2160,
source/03.mp4,VP9/03/960x540_1.mp4,37.73,3840,2160,960,540,
source/03.mp4,VP9/03/960x540_2.mp4,54.8,3840,2160,960,540,
source/03.mp4,VP9/03/960x540_3.mp4,61.9,3840,2160,960,540,
source/03.mp4,VP9/03/960x540_4.mp4,76.63,3840,2160,960,540,
source/03.mp4,VP9/03/1920x1080_1.mp4,29.18,3840,2160,1920,1080,
source/03.mp4,VP9/03/1920x1080_2.mp4,52.32,3840,2160,1920,1080,
source/03.mp4,VP9/03/1920x1080_3.mp4,66.3,3840,2160,1920,1080,
source/03.mp4,VP9/03/1920x1080_4.mp4,77.86,3840,2160,1920,1080,
source/03.mp4,VP9/03/3840x2160_1.mp4,33.1,3840,2160,3840,2160,
source/03.mp4,VP9/03/3840x2160_2.mp4,46.45,3840,2160,3840,2160,
source/03.mp4,VP9/03/3840x2160_3.mp4,59.33,3840,2160,3840,2160,
source/03.mp4,VP9/03/3840x2160_4.mp4,84.45,3840,2160,3840,2160,
source/03.mp4,AVS2/03/960x540_1.mp4,20.19,3840,2160,960,540,
source/03.mp4,AVS2/03/960x540_2.mp4,40.61,3840,2160,960,540,
source/03.mp4,AVS2/03/960x540_3.mp4,46.15,3840,2160,960,540,
source/03.mp4,AVS2/03/960x540_4.mp4,70.56,3840,2160,960,540,
source/03.mp4,AVS2/03/1920x1080_1.mp4,15.88,3840,2160,1920,1080,
source/03.mp4,AVS2/03/1920x1080_2.mp4,33.84,3840,2160,1920,1080,
source/03.mp4,AVS2/03/1920x1080_3.mp4,54.08,3840,2160,1920,1080,
source/03.mp4,AVS2/03/1920x1080_4.mp4,79.46,3840,2160,1920,1080,
source/03.mp4,AVS2/03/3840x2160_1.mp4,35.97,3840,2160,3840,2160,
source/03.mp4,AVS2/03/3840x2160_2.mp4,43.72,3840,2160,3840,2160,
source/03.mp4,AVS2/03/3840x2160_3.mp4,59.07,3840,2160,3840,2160,
source/03.mp4,AVS2/03/3840x2160_4.mp4,79.69,3840,2160,3840,2160,
source/03.mp4,AV1/03/960x540_1.mp4,52.52,3840,2160,960,540,
source/03.mp4,AV1/03/960x540_2.mp4,68.19,3840,2160,960,540,
source/03.mp4,AV1/03/960x540_3.mp4,77.46,3840,2160,960,540,
source/03.mp4,AV1/03/960x540_4.mp4,74.25,3840,2160,960,540,
source/03.mp4,AV1/03/1920x1080_1.mp4,59.85,3840,2160,1920,1080,
source/03.mp4,AV1/03/1920x1080_2.mp4,85.97,3840,2160,1920,1080,
source/03.mp4,AV1/03/1920x1080_3.mp4,84.04,3840,2160,1920,1080,
source/03.mp4,AV1/03/1920x1080_4.mp4,90.3,3840,2160,1920,1080,
source/03.mp4,AV1/03/3840x2160_1.mp4,63.14,3840,2160,3840,2160,
source/03.mp4,AV1/03/3840x2160_2.mp4,84.59,3840,2160,3840,2160,
source/03.mp4,AV1/03/3840x2160_3.mp4,90.6,3840,2160,3840,2160,
source/03.mp4,AV1/03/3840x2160_4.mp4,97.59,3840,2160,3840,2160,
source/04.mp4,HEVC/04/960x540_1.mp4,11.47,3840,2160,960,540,
source/04.mp4,HEVC/04/960x540_2.mp4,48.56,3840,2160,960,540,
source/04.mp4,HEVC/04/960x540_3.mp4,56.63,3840,2160,960,540,
source/04.mp4,HEVC/04/960x540_4.mp4,71.74,3840,2160,960,540,
source/04.mp4,HEVC/04/1920x1080_1.mp4,9.27,3840,2160,1920,1080,
source/04.mp4,HEVC/04/1920x1080_2.mp4,24.99,3840,2160,1920,1080,
source/04.mp4,HEVC/04/1920x1080_3.mp4,56.09,3840,2160,1920,1080,
source/04.mp4,HEVC/04/1920x1080_4.mp4,82.11,3840,2160,1920,1080,
source/04.mp4,HEVC/04/3840x2160_1.mp4,17.95,3840,2160,3840,2160,
source/04.mp4,HEVC/04/3840x2160_2.mp4,35.31,3840,2160,3840,2160,
source/04.mp4,HEVC/04/3840x2160_3.mp4,58.69,3840,2160,3840,2160,
source/04.mp4,HEVC/04/3840x2160_4.mp4,74.88,3840,2160,3840,2160,
source/04.mp4,H264/04/960x540_1.mp4,13.55,3840,2160,960,540,
source/04.mp4,H264/04/960x540_2.mp4,33.85,3840,2160,960,540,
source/04.mp4,H264/04/960x540_3.mp4,59.73,3840,2160,960,540,
source/04.mp4,H264/04/960x540_4.mp4,75.16,3840,2160,960,540,
source/04.mp4,H264/04/1920x1080_1.mp4,10.99,3840,2160,1920,1080,
source/04.mp4,H264/04/1920x1080_2.mp4,31.27,3840,2160,1920,1080,
source/04.mp4,H264/04/1920x1080_3.mp4,48.5,3840,2160,1920,1080,
source/04.mp4,H264/04/1920x1080_4.mp4,77.33,3840,2160,1920,1080,
source/04.mp4,H264/04/3840x2160_1.mp4,5.92,3840,2160,3840,2160,
source/04.mp4,H264/04/3840x2160_2.mp4,26.94,3840,2160,3840,2160,
source/04.mp4,H264/04/3840x2160_3.mp4,50.24,3840,2160,3840,2160,
source/04.mp4,H264/04/3840x2160_4.mp4,73.67,3840,2160,3840,2160,
source/04.mp4,VP9/04/960x540_1.mp4,42,3840,2160,960,540,
source/04.mp4,VP9/04/960x540_2.mp4,63.93,3840,2160,960,540,
source/04.mp4,VP9/04/960x540_3.mp4,64.08,3840,2160,960,540,
source/04.mp4,VP9/04/960x540_4.mp4,69.55,3840,2160,960,540,
source/04.mp4,VP9/04/1920x1080_1.mp4,30.5,3840,2160,1920,1080,
source/04.mp4,VP9/04/1920x1080_2.mp4,58.91,3840,2160,1920,1080,
source/04.mp4,VP9/04/1920x1080_3.mp4,67.17,3840,2160,1920,1080,
source/04.mp4,VP9/04/1920x1080_4.mp4,78.48,3840,2160,1920,1080,
source/04.mp4,VP9/04/3840x2160_1.mp4,44.01,3840,2160,3840,2160,
source/04.mp4,VP9/04/3840x2160_2.mp4,48.81,3840,2160,3840,2160,
source/04.mp4,VP9/04/3840x2160_3.mp4,71.37,3840,2160,3840,2160,
source/04.mp4,VP9/04/3840x2160_4.mp4,81.01,3840,2160,3840,2160,
source/04.mp4,AVS2/04/960x540_1.mp4,31.23,3840,2160,960,540,
source/04.mp4,AVS2/04/960x540_2.mp4,51.31,3840,2160,960,540,
source/04.mp4,AVS2/04/960x540_3.mp4,59.9,3840,2160,960,540,
source/04.mp4,AVS2/04/960x540_4.mp4,73.76,3840,2160,960,540,
source/04.mp4,AVS2/04/1920x1080_1.mp4,16.86,3840,2160,1920,1080,
source/04.mp4,AVS2/04/1920x1080_2.mp4,36.57,3840,2160,1920,1080,
source/04.mp4,AVS2/04/1920x1080_3.mp4,62.17,3840,2160,1920,1080,
source/04.mp4,AVS2/04/1920x1080_4.mp4,82.97,3840,2160,1920,1080,
source/04.mp4,AVS2/04/3840x2160_1.mp4,28.65,3840,2160,3840,2160,
source/04.mp4,AVS2/04/3840x2160_2.mp4,49.93,3840,2160,3840,2160,
source/04.mp4,AVS2/04/3840x2160_3.mp4,58.82,3840,2160,3840,2160,
source/04.mp4,AVS2/04/3840x2160_4.mp4,76.53,3840,2160,3840,2160,
source/04.mp4,AV1/04/960x540_1.mp4,52.96,3840,2160,960,540,
source/04.mp4,AV1/04/960x540_2.mp4,63.62,3840,2160,960,540,
source/04.mp4,AV1/04/960x540_3.mp4,72.77,3840,2160,960,540,
source/04.mp4,AV1/04/960x540_4.mp4,81.88,3840,2160,960,540,
source/04.mp4,AV1/04/1920x1080_1.mp4,48.68,3840,2160,1920,1080,
source/04.mp4,AV1/04/1920x1080_2.mp4,75.64,3840,2160,1920,1080,
source/04.mp4,AV1/04/1920x1080_3.mp4,81.52,3840,2160,1920,1080,
source/04.mp4,AV1/04/1920x1080_4.mp4,83.9,3840,2160,1920,1080,
source/04.mp4,AV1/04/3840x2160_1.mp4,50.51,3840,2160,3840,2160,
source/04.mp4,AV1/04/3840x2160_2.mp4,64.64,3840,2160,3840,2160,
source/04.mp4,AV1/04/3840x2160_3.mp4,78.98,3840,2160,3840,2160,
source/04.mp4,AV1/04/3840x2160_4.mp4,87.12,3840,2160,3840,2160,
source/05.mp4,HEVC/05/960x540_1.mp4,17.08,3840,2160,960,540,
source/05.mp4,HEVC/05/960x540_2.mp4,31,3840,2160,960,540,
source/05.mp4,HEVC/05/960x540_3.mp4,33.69,3840,2160,960,540,
source/05.mp4,HEVC/05/960x540_4.mp4,39.76,3840,2160,960,540,
source/05.mp4,HEVC/05/1920x1080_1.mp4,7.22,3840,2160,1920,1080,
source/05.mp4,HEVC/05/1920x1080_2.mp4,26.39,3840,2160,1920,1080,
source/05.mp4,HEVC/05/1920x1080_3.mp4,48.92,3840,2160,1920,1080,
source/05.mp4,HEVC/05/1920x1080_4.mp4,74.1,3840,2160,1920,1080,
source/05.mp4,HEVC/05/3840x2160_1.mp4,23.53,3840,2160,3840,2160,
source/05.mp4,HEVC/05/3840x2160_2.mp4,57.11,3840,2160,3840,2160,
source/05.mp4,HEVC/05/3840x2160_3.mp4,65.96,3840,2160,3840,2160,
source/05.mp4,HEVC/05/3840x2160_4.mp4,77.59,3840,2160,3840,2160,
source/05.mp4,H264/05/960x540_1.mp4,7.28,3840,2160,960,540,
source/05.mp4,H264/05/960x540_2.mp4,27.01,3840,2160,960,540,
source/05.mp4,H264/05/960x540_3.mp4,42.5,3840,2160,960,540,
source/05.mp4,H264/05/960x540_4.mp4,42.13,3840,2160,960,540,
source/05.mp4,H264/05/1920x1080_1.mp4,12.65,3840,2160,1920,1080,
source/05.mp4,H264/05/1920x1080_2.mp4,33.91,3840,2160,1920,1080,
source/05.mp4,H264/05/1920x1080_3.mp4,48.54,3840,2160,1920,1080,
source/05.mp4,H264/05/1920x1080_4.mp4,66.3,3840,2160,1920,1080,
source/05.mp4,H264/05/3840x2160_1.mp4,23.1,3840,2160,3840,2160,
source/05.mp4,H264/05/3840x2160_2.mp4,45.03,3840,2160,3840,2160,
source/05.mp4,H264/05/3840x2160_3.mp4,62.88,3840,2160,3840,2160,
source/05.mp4,H264/05/3840x2160_4.mp4,79.7,3840,2160,3840,2160,
source/05.mp4,VP9/05/960x540_1.mp4,29.02,3840,2160,960,540,
source/05.mp4,VP9/05/960x540_2.mp4,34.25,3840,2160,960,540,
source/05.mp4,VP9/05/960x540_3.mp4,43.76,3840,2160,960,540,
source/05.mp4,VP9/05/960x540_4.mp4,48.82,3840,2160,960,540,
source/05.mp4,VP9/05/1920x1080_1.mp4,38.73,3840,2160,1920,1080,
source/05.mp4,VP9/05/1920x1080_2.mp4,63.87,3840,2160,1920,1080,
source/05.mp4,VP9/05/1920x1080_3.mp4,69,3840,2160,1920,1080,
source/05.mp4,VP9/05/1920x1080_4.mp4,78.47,3840,2160,1920,1080,
source/05.mp4,VP9/05/3840x2160_1.mp4,42.78,3840,2160,3840,2160,
source/05.mp4,VP9/05/3840x2160_2.mp4,65.35,3840,2160,3840,2160,
source/05.mp4,VP9/05/3840x2160_3.mp4,80.96,3840,2160,3840,2160,
source/05.mp4,VP9/05/3840x2160_4.mp4,87.01,3840,2160,3840,2160,
source/05.mp4,AVS2/05/960x540_1.mp4,5.63,3840,2160,960,540,
source/05.mp4,AVS2/05/960x540_2.mp4,22.37,3840,2160,960,540,
source/05.mp4,AVS2/05/960x540_3.mp4,25.11,3840,2160,960,540,
source/05.mp4,AVS2/05/960x540_4.mp4,36.26,3840,2160,960,540,
source/05.mp4,AVS2/05/1920x1080_1.mp4,15.75,3840,2160,1920,1080,
source/05.mp4,AVS2/05/1920x1080_2.mp4,31.31,3840,2160,1920,1080,
source/05.mp4,AVS2/05/1920x1080_3.mp4,55.57,3840,2160,1920,1080,
source/05.mp4,AVS2/05/1920x1080_4.mp4,62.44,3840,2160,1920,1080,
source/05.mp4,AVS2/05/3840x2160_1.mp4,36.6,3840,2160,3840,2160,
source/05.mp4,AVS2/05/3840x2160_2.mp4,59.19,3840,2160,3840,2160,
source/05.mp4,AVS2/05/3840x2160_3.mp4,63.19,3840,2160,3840,2160,
source/05.mp4,AVS2/05/3840x2160_4.mp4,80.06,3840,2160,3840,2160,
source/05.mp4,AV1/05/960x540_1.mp4,38.79,3840,2160,960,540,
source/05.mp4,AV1/05/960x540_2.mp4,45.72,3840,2160,960,540,
source/05.mp4,AV1/05/960x540_3.mp4,43.67,3840,2160,960,540,
source/05.mp4,AV1/05/960x540_4.mp4,42.98,3840,2160,960,540,
source/05.mp4,AV1/05/1920x1080_1.mp4,56.94,3840,2160,1920,1080,
source/05.mp4,AV1/05/1920x1080_2.mp4,75.12,3840,2160,1920,1080,
source/05.mp4,AV1/05/1920x1080_3.mp4,76.54,3840,2160,1920,1080,
source/05.mp4,AV1/05/1920x1080_4.mp4,82.13,3840,2160,1920,1080,
source/05.mp4,AV1/05/3840x2160_1.mp4,65.41,3840,2160,3840,2160,
source/05.mp4,AV1/05/3840x2160_2.mp4,89.82,3840,2160,3840,2160,
source/05.mp4,AV1/05/3840x2160_3.mp4,93.17,3840,2160,3840,2160,
source/05.mp4,AV1/05/3840x2160_4.mp4,90.09,3840,2160,3840,2160,
source/06.mp4,HEVC/06/960x540_1.mp4,17.58,3840,2160,960,540,
source/06.mp4,HEVC/06/960x540_2.mp4,31.53,3840,2160,960,540,
source/06.mp4,HEVC/06/960x540_3.mp4,39.81,3840,2160,960,540,
source/06.mp4,HEVC/06/960x540_4.mp4,59.93,3840,2160,960,540,
source/06.mp4,HEVC/06/1920x1080_1.mp4,3.78,3840,2160,1920,1080,
source/06.mp4,HEVC/06/1920x1080_2.mp4,25.34,3840,2160,1920,1080,
source/06.mp4,HEVC/06/1920x1080_3.mp4,62.97,3840,2160,1920,1080,
source/06.mp4,HEVC/06/1920x1080_4.mp4,76.89,3840,2160,1920,1080,
source/06.mp4,HEVC/06/3840x2160_1.mp4,26.61,3840,2160,3840,2160,
source/06.mp4,HEVC/06/3840x2160_2.mp4,56.55,3840,2160,3840,2160,
source/06.mp4,HEVC/06/3840x2160_3.mp4,72.63,3840,2160,3840,2160,
source/06.mp4,HEVC/06/3840x2160_4.mp4,82.97,3840,2160,3840,2160,
source/06.mp4,H264/06/960x540_1.mp4,12.89,3840,2160,960,540,
source/06.mp4,H264/06/960x540_2.mp4,35.76,3840,2160,960,540,
source/06.mp4,H264/06/960x540_3.mp4,48.61,3840,2160,960,540,
source/06.mp4,H264/06/960x540_4.mp4,61.63,3840,2160,960,540,
source/06.mp4,H264/06/1920x1080_1.mp4,14.1,3840,2160,1920,1080,
source/06.mp4,H264/06/1920x1080_2.mp4,44.33,3840,2160,1920,1080,
source/06.mp4,H264/06/1920x1080_3.mp4,61.27,3840,2160,1920,1080,
source/06.mp4,H264/06/1920x1080_4.mp4,77.92,3840,2160,1920,1080,
source/06.mp4,H264/06/3840x2160_1.mp4,26.42,3840,2160,3840,2160,
source/06.mp4,H264/06/3840x2160_2.mp4,59.55,3840,2160,3840,2160,
source/06.mp4,H264/06/3840x2160_3.mp4,79.13,3840,2160,3840,2160,
source/06.mp4,H264/06/3840x2160_4.mp4,79.03,3840,2160,3840,2160,
source/06.mp4,VP9/06/960x540_1.mp4,39.27,3840,2160,960,540,
source/06.mp4,VP9/06/960x540_2.mp4,42.52,3840,2160,960,540,
source/06.mp4,VP9/06/960x540_3.mp4,48.06,3840,2160,960,540,
source/06.mp4,VP9/06/960x540_4.mp4,54.86,3840,2160,960,540,
source/06.mp4,VP9/06/1920x1080_1.mp4,60.63,3840,2160,1920,1080,
source/06.mp4,VP9/06/1920x1080_2.mp4,63.64,3840,2160,1920,1080,
source/06.mp4,VP9/06/1920x1080_3.mp4,77.45,3840,2160,1920,1080,
source/06.mp4,VP9/06/1920x1080_4.mp4,76.38,3840,2160,1920,1080,
source/06.mp4,VP9/06/3840x2160_1.mp4,60.65,3840,2160,3840,2160,
source/06.mp4,VP9/06/3840x2160_2.mp4,78.23,3840,2160,3840,2160,
source/06.mp4,VP9/06/3840x2160_3.mp4,90.53,3840,2160,3840,2160,
source/06.mp4,VP9/06/3840x2160_4.mp4,80.62,3840,2160,3840,2160,
source/06.mp4,AVS2/06/960x540_1.mp4,8.21,3840,2160,960,540,
source/06.mp4,AVS2/06/960x540_2.mp4,31.54,3840,2160,960,540,
source/06.mp4,AVS2/06/960x540_3.mp4,33.96,3840,2160,960,540,
source/06.mp4,AVS2/06/960x540_4.mp4,55.08,3840,2160,960,540,
source/06.mp4,AVS2/06/1920x1080_1.mp4,12.51,3840,2160,1920,1080,
source/06.mp4,AVS2/06/1920x1080_2.mp4,23.28,3840,2160,1920,1080,
source/06.mp4,AVS2/06/1920x1080_3.mp4,51.2,3840,2160,1920,1080,
source/06.mp4,AVS2/06/1920x1080_4.mp4,75.75,3840,2160,1920,1080,
source/06.mp4,AVS2/06/3840x2160_1.mp4,54.88,3840,2160,3840,2160,
source/06.mp4,AVS2/06/3840x2160_2.mp4,69.29,3840,2160,3840,2160,
source/06.mp4,AVS2/06/3840x2160_3.mp4,65.49,3840,2160,3840,2160,
source/06.mp4,AVS2/06/3840x2160_4.mp4,81.17,3840,2160,3840,2160,
source/06.mp4,AV1/06/960x540_1.mp4,40.75,3840,2160,960,540,
source/06.mp4,AV1/06/960x540_2.mp4,54.13,3840,2160,960,540,
source/06.mp4,AV1/06/960x540_3.mp4,52.46,3840,2160,960,540,
source/06.mp4,AV1/06/960x540_4.mp4,55.03,3840,2160,960,540,
source/06.mp4,AV1/06/1920x1080_1.mp4,64.96,3840,2160,1920,1080,
source/06.mp4,AV1/06/1920x1080_2.mp4,80.69,3840,2160,1920,1080,
source/06.mp4,AV1/06/1920x1080_3.mp4,80.22,3840,2160,1920,1080,
source/06.mp4,AV1/06/1920x1080_4.mp4,86.13,3840,2160,1920,1080,
source/06.mp4,AV1/06/3840x2160_1.mp4,70.59,3840,2160,3840,2160,
source/06.mp4,AV1/06/3840x2160_2.mp4,90.26,3840,2160,3840,2160,
source/06.mp4,AV1/06/3840x2160_3.mp4,81.82,3840,2160,3840,2160,
source/06.mp4,AV1/06/3840x2160_4.mp4,92.77,3840,2160,3840,2160,
source/07.mp4,HEVC/07/960x540_1.mp4,21.72,3840,2160,960,540,
source/07.mp4,HEVC/07/960x540_2.mp4,42.42,3840,2160,960,540,
source/07.mp4,HEVC/07/960x540_3.mp4,56.44,3840,2160,960,540,
source/07.mp4,HEVC/07/960x540_4.mp4,75.47,3840,2160,960,540,
source/07.mp4,HEVC/07/1920x1080_1.mp4,9.12,3840,2160,1920,1080,
source/07.mp4,HEVC/07/1920x1080_2.mp4,31.32,3840,2160,1920,1080,
source/07.mp4,HEVC/07/1920x1080_3.mp4,66.16,3840,2160,1920,1080,
source/07.mp4,HEVC/07/1920x1080_4.mp4,79.77,3840,2160,1920,1080,
source/07.mp4,HEVC/07/3840x2160_1.mp4,20.25,3840,2160,3840,2160,
source/07.mp4,HEVC/07/3840x2160_2.mp4,47.48,3840,2160,3840,2160,
source/07.mp4,HEVC/07/3840x2160_3.mp4,64.33,3840,2160,3840,2160,
source/07.mp4,HEVC/07/3840x2160_4.mp4,82.11,3840,2160,3840,2160,
source/07.mp4,H264/07/960x540_1.mp4,13.79,3840,2160,960,540,
source/07.mp4,H264/07/960x540_2.mp4,41.22,3840,2160,960,540,
source/07.mp4,H264/07/960x540_3.mp4,63.29,3840,2160,960,540,
source/07.mp4,H264/07/960x540_4.mp4,77.64,3840,2160,960,540,
source/07.mp4,H264/07/1920x1080_1.mp4,6.65,3840,2160,1920,1080,
source/07.mp4,H264/07/1920x1080_2.mp4,24.8,3840,2160,1920,1080,
source/07.mp4,H264/07/1920x1080_3.mp4,47.55,3840,2160,1920,1080,
source/07.mp4,H264/07/1920x1080_4.mp4,71.77,3840,2160,1920,1080,
source/07.mp4,H264/07/3840x2160_1.mp4,3.3,3840,2160,3840,2160,
source/07.mp4,H264/07/3840x2160_2.mp4,23.75,3840,2160,3840,2160,
source/07.mp4,H264/07/3840x2160_3.mp4,49.36,3840,2160,3840,2160,
source/07.mp4,H264/07/3840x2160_4.mp4,70.64,3840,2160,3840,2160,
source/07.mp4,VP9/07/960x540_1.mp4,31.52,3840,2160,960,540,
source/07.mp4,VP9/07/960x540_2.mp4,54.11,3840,2160,960,540,
source/07.mp4,VP9/07/960x540_3.mp4,67.52,3840,2160,960,540,
source/07.mp4,VP9/07/960x540_4.mp4,84.4,3840,2160,960,540,
source/07.mp4,VP9/07/1920x1080_1.mp4,20.97,3840,2160,1920,1080,
source/07.mp4,VP9/07/1920x1080_2.mp4,49.62,3840,2160,1920,1080,
source/07.mp4,VP9/07/1920x1080_3.mp4,66.56,3840,2160,1920,1080,
source/07.mp4,VP9/07/1920x1080_4.mp4,76.61,3840,2160,1920,1080,
source/07.mp4,VP9/07/3840x2160_1.mp4,42.9,3840,2160,3840,2160,
source/07.mp4,VP9/07/3840x2160_2.mp4,43.31,3840,2160,3840,2160,
source/07.mp4,VP9/07/3840x2160_3.mp4,63.42,3840,2160,3840,2160,
source/07.mp4,VP9/07/3840x2160_4.mp4,85.72,3840,2160,3840,2160,
source/07.mp4,AVS2/07/960x540_1.mp4,27.13,3840,2160,960,540,
source/07.mp4,AVS2/07/960x540_2.mp4,51.86,3840,2160,960,540,
source/07.mp4,AVS2/07/960x540_3.mp4,70.8,3840,2160,960,540,
source/07.mp4,AVS2/07/960x540_4.mp4,80.03,3840,2160,960,540,
source/07.mp4,AVS2/07/1920x1080_1.mp4,15.14,3840,2160,1920,1080,
source/07.mp4,AVS2/07/1920x1080_2.mp4,35.34,3840,2160,1920,1080,
source/07.mp4,AVS2/07/1920x1080_3.mp4,67.24,3840,2160,1920,1080,
source/07.mp4,AVS2/07/1920x1080_4.mp4,78.88,3840,2160,1920,1080,
source/07.mp4,AVS2/07/3840x2160_1.mp4,28.54,3840,2160,3840,2160,
source/07.mp4,AVS2/07/3840x2160_2.mp4,55.13,3840,2160,3840,2160,
source/07.mp4,AVS2/07/3840x2160_3.mp4,76.01,3840,2160,3840,2160,
source/07.mp4,AVS2/07/3840x2160_4.mp4,76.43,3840,2160,3840,2160,
source/07.mp4,AV1/07/960x540_1.mp4,52.03,3840,2160,960,540,
source/07.mp4,AV1/07/960x540_2.mp4,73.54,3840,2160,960,540,
source/07.mp4,AV1/07/960x540_3.mp4,76.36,3840,2160,960,540,
source/07.mp4,AV1/07/960x540_4.mp4,81.93,3840,2160,960,540,
source/07.mp4,AV1/07/1920x1080_1.mp4,36.8,3840,2160,1920,1080,
source/07.mp4,AV1/07/1920x1080_2.mp4,67.74,3840,2160,1920,1080,
source/07.mp4,AV1/07/1920x1080_3.mp4,85.35,3840,2160,1920,1080,
source/07.mp4,AV1/07/1920x1080_4.mp4,89.43,3840,2160,1920,1080,
source/07.mp4,AV1/07/3840x2160_1.mp4,57.32,3840,2160,3840,2160,
source/07.mp4,AV1/07/3840x2160_2.mp4,61.22,3840,2160,3840,2160,
source/07.mp4,AV1/07/3840x2160_3.mp4,76.32,3840,2160,3840,2160,
source/07.mp4,AV1/07/3840x2160_4.mp4,91.19,3840,2160,3840,2160,
source/08.mp4,HEVC/08/960x540_1.mp4,7.13,3840,2160,960,540,
source/08.mp4,HEVC/08/960x540_2.mp4,26.87,3840,2160,960,540,
source/08.mp4,HEVC/08/960x540_3.mp4,37.24,3840,2160,960,540,
source/08.mp4,HEVC/08/960x540_4.mp4,69.54,3840,2160,960,540,
source/08.mp4,HEVC/08/1920x1080_1.mp4,6.1,3840,2160,1920,1080,
source/08.mp4,HEVC/08/1920x1080_2.mp4,14.06,3840,2160,1920,1080,
source/08.mp4,HEVC/08/1920x1080_3.mp4,39.32,3840,2160,1920,1080,
source/08.mp4,HEVC/08/1920x1080_4.mp4,75.9,3840,2160,1920,1080,
source/08.mp4,HEVC/08/3840x2160_1.mp4,17.11,3840,2160,3840,2160,
source/08.mp4,HEVC/08/3840x2160_2.mp4,28.23,3840,2160,3840,2160,
source/08.mp4,HEVC/08/3840x2160_3.mp4,54.92,3840,2160,3840,2160,
source/08.mp4,HEVC/08/3840x2160_4.mp4,78.11,3840,2160,3840,2160,
source/08.mp4,H264/08/960x540_1.mp4,4.73,3840,2160,960,540,
source/08.mp4,H264/08/960x540_2.mp4,23.42,3840,2160,960,540,
source/08.mp4,H264/08/960x540_3.mp4,48.99,3840,2160,960,540,
source/08.mp4,H264/08/960x540_4.mp4,65.43,3840,2160,960,540,
source/08.mp4,H264/08/1920x1080_1.mp4,3.61,3840,2160,1920,1080,
source/08.mp4,H264/08/1920x1080_2.mp4,19.73,3840,2160,1920,1080,
source/08.mp4,H264/08/1920x1080_3.mp4,37.56,3840,2160,1920,1080,
source/08.mp4,H264/08/1920x1080_4.mp4,83.17,3840,2160,1920,1080,
source/08.mp4,H264/08/3840x2160_1.mp4,5.06,3840,2160,3840,2160,
source/08.mp4,H264/08/3840x2160_2.mp4,28.68,3840,2160,3840,2160,
source/08.mp4,H264/08/3840x2160_3.mp4,48.66,3840,2160,3840,2160,
source/08.mp4,H264/08/3840x2160_4.mp4,80.2,3840,2160,3840,2160,
source/08.mp4,VP9/08/960x540_1.mp4,31.26,3840,2160,960,540,
source/08.mp4,VP9/08/960x540_2.mp4,43.68,3840,2160,960,540,
source/08.mp4,VP9/08/960x540_3.mp4,65.64,3840,2160,960,540,
source/08.mp4,VP9/08/960x540_4.mp4,72.85,3840,2160,960,540,
source/08.mp4,VP9/08/1920x1080_1.mp4,28.08,3840,2160,1920,1080,
source/08.mp4,VP9/08/1920x1080_2.mp4,66.51,3840,2160,1920,1080,
source/08.mp4,VP9/08/1920x1080_3.mp4,77.35,3840,2160,1920,1080,
source/08.mp4,VP9/08/1920x1080_4.mp4,84.61,3840,2160,1920,1080,
source/08.mp4,VP9/08/3840x2160_1.mp4,41.55,3840,2160,3840,2160,
source/08.mp4,VP9/08/3840x2160_2.mp4,63.44,3840,2160,3840,2160,
source/08.mp4,VP9/08/3840x2160_3.mp4,84.34,3840,2160,3840,2160,
source/08.mp4,VP9/08/3840x2160_4.mp4,92.65,3840,2160,3840,2160,
source/08.mp4,AVS2/08/960x540_1.mp4,13.73,3840,2160,960,540,
source/08.mp4,AVS2/08/960x540_2.mp4,26.78,3840,2160,960,540,
source/08.mp4,AVS2/08/960x540_3.mp4,42.86,3840,2160,960,540,
source/08.mp4,AVS2/08/960x540_4.mp4,66.26,3840,2160,960,540,
source/08.mp4,AVS2/08/1920x1080_1.mp4,10.78,3840,2160,1920,1080,
source/08.mp4,AVS2/08/1920x1080_2.mp4,20.32,3840,2160,1920,1080,
source/08.mp4,AVS2/08/1920x1080_3.mp4,46.99,3840,2160,1920,1080,
source/08.mp4,AVS2/08/1920x1080_4.mp4,78.02,3840,2160,1920,1080,
source/08.mp4,AVS2/08/3840x2160_1.mp4,25.84,3840,2160,3840,2160,
source/08.mp4,AVS2/08/3840x2160_2.mp4,34.69,3840,2160,3840,2160,
source/08.mp4,AVS2/08/3840x2160_3.mp4,48.66,3840,2160,3840,2160,
source/08.mp4,AVS2/08/3840x2160_4.mp4,70.23,3840,2160,3840,2160,
source/08.mp4,AV1/08/960x540_1.mp4,34.88,3840,2160,960,540,
source/08.mp4,AV1/08/960x540_2.mp4,56.63,3840,2160,960,540,
source/08.mp4,AV1/08/960x540_3.mp4,65.02,3840,2160,960,540,
source/08.mp4,AV1/08/960x540_4.mp4,72.09,3840,2160,960,540,
source/08.mp4,AV1/08/1920x1080_1.mp4,44.85,3840,2160,1920,1080,
source/08.mp4,AV1/08/1920x1080_2.mp4,80.16,3840,2160,1920,1080,
source/08.mp4,AV1/08/1920x1080_3.mp4,85.79,3840,2160,1920,1080,
source/08.mp4,AV1/08/1920x1080_4.mp4,91.74,3840,2160,1920,1080,
source/08.mp4,AV1/08/3840x2160_1.mp4,47.96,3840,2160,3840,2160,
source/08.mp4,AV1/08/3840x2160_2.mp4,80.31,3840,2160,3840,2160,
source/08.mp4,AV1/08/3840x2160_3.mp4,91.78,3840,2160,3840,2160,
source/08.mp4,AV1/08/3840x2160_4.mp4,92.06,3840,2160,3840,2160,
source/09.mp4,HEVC/09/960x540_1.mp4,23.91,3840,2160,960,540,
source/09.mp4,HEVC/09/960x540_2.mp4,41.1,3840,2160,960,540,
source/09.mp4,HEVC/09/960x540_3.mp4,43.52,3840,2160,960,540,
source/09.mp4,HEVC/09/960x540_4.mp4,49.42,3840,2160,960,540,
source/09.mp4,HEVC/09/1920x1080_1.mp4,11.25,3840,2160,1920,1080,
source/09.mp4,HEVC/09/1920x1080_2.mp4,37.45,3840,2160,1920,1080,
source/09.mp4,HEVC/09/1920x1080_3.mp4,66.43,3840,2160,1920,1080,
source/09.mp4,HEVC/09/1920x1080_4.mp4,70.57,3840,2160,1920,1080,
source/09.mp4,HEVC/09/3840x2160_1.mp4,36.14,3840,2160,3840,2160,
source/09.mp4,HEVC/09/3840x2160_2.mp4,50.56,3840,2160,3840,2160,
source/09.mp4,HEVC/09/3840x2160_3.mp4,63.91,3840,2160,3840,2160,
source/09.mp4,HEVC/09/3840x2160_4.mp4,83.99,3840,2160,3840,2160,
source/09.mp4,H264/09/960x540_1.mp4,7.11,3840,2160,960,540,
source/09.mp4,H264/09/960x540_2.mp4,30.67,3840,2160,960,540,
source/09.mp4,H264/09/960x540_3.mp4,44.34,3840,2160,960,540,
source/09.mp4,H264/09/960x540_4.mp4,56.08,3840,2160,960,540,
source/09.mp4,H264/09/1920x1080_1.mp4,14.73,3840,2160,1920,1080,
source/09.mp4,H264/09/1920x1080_2.mp4,32.57,3840,2160,1920,1080,
source/09.mp4,H264/09/1920x1080_3.mp4,49.21,3840,2160,1920,1080,
source/09.mp4,H264/09/1920x1080_4.mp4,73.83,3840,2160,1920,1080,
source/09.mp4,H264/09/3840x2160_1.mp4,18.14,3840,2160,3840,2160,
source/09.mp4,H264/09/3840x2160_2.mp4,47.37,3840,2160,3840,2160,
source/09.mp4,H264/09/3840x2160_3.mp4,61.71,3840,2160,3840,2160,
source/09.mp4,H264/09/3840x2160_4.mp4,74.85,3840,2160,3840,2160,
source/09.mp4,VP9/09/960x540_1.mp4,30.27,3840,2160,960,540,
source/09.mp4,VP9/09/960x540_2.mp4,39.69,3840,2160,960,540,
source/09.mp4,VP9/09/960x540_3.mp4,49.21,3840,2160,960,540,
source/09.mp4,VP9/09/960x540_4.mp4,55.5,3840,2160,960,540,
source/09.mp4,VP9/09/1920x1080_1.mp4,38.99,3840,2160,1920,1080,
source/09.mp4,VP9/09/1920x1080_2.mp4,68.09,3840,2160,1920,1080,
source/09.mp4,VP9/09/1920x1080_3.mp4,75.33,3840,2160,1920,1080,
source/09.mp4,VP9/09/1920x1080_4.mp4,78.38,3840,2160,1920,1080,
source/09.mp4,VP9/09/3840x2160_1.mp4,46.89,3840,2160,3840,2160,
source/09.mp4,VP9/09/3840x2160_2.mp4,63.07,3840,2160,3840,2160,
source/09.mp4,VP9/09/3840x2160_3.mp4,74.55,3840,2160,3840,2160,
source/09.mp4,VP9/09/3840x2160_4.mp4,78.99,3840,2160,3840,2160,
source/09.mp4,AVS2/09/960x540_1.mp4,18.69,3840,2160,960,540,
source/09.mp4,AVS2/09/960x540_2.mp4,24.74,3840,2160,960,540,
source/09.mp4,AVS2/09/960x540_3.mp4,40.06,3840,2160,960,540,
source/09.mp4,AVS2/09/960x540_4.mp4,49.12,3840,2160,960,540,
source/09.mp4,AVS2/09/1920x1080_1.mp4,25.61,3840,2160,1920,1080,
source/09.mp4,AVS2/09/1920x1080_2.mp4,40.81,3840,2160,1920,1080,
source/09.mp4,AVS2/09/1920x1080_3.mp4,54.92,3840,2160,1920,1080,
source/09.mp4,AVS2/09/1920x1080_4.mp4,73.37,3840,2160,1920,1080,
source/09.mp4,AVS2/09/3840x2160_1.mp4,47.24,3840,2160,3840,2160,
source/09.mp4,AVS2/09/3840x2160_2.mp4,56.05,3840,2160,3840,2160,
source/09.mp4,AVS2/09/3840x2160_3.mp4,64.7,3840,2160,3840,2160,
source/09.mp4,AVS2/09/3840x2160_4.mp4,73.87,3840,2160,3840,2160,
source/09.mp4,AV1/09/960x540_1.mp4,44.3,3840,2160,960,540,
source/09.mp4,AV1/09/960x540_2.mp4,53.25,3840,2160,960,540,
source/09.mp4,AV1/09/960x540_3.mp4,55.29,3840,2160,960,540,
source/09.mp4,AV1/09/960x540_4.mp4,63.4,3840,2160,960,540,
source/09.mp4,AV1/09/1920x1080_1.mp4,66.67,3840,2160,1920,1080,
source/09.mp4,AV1/09/1920x1080_2.mp4,75.71,3840,2160,1920,1080,
source/09.mp4,AV1/09/1920x1080_3.mp4,84.78,3840,2160,1920,1080,
source/09.mp4,AV1/09/1920x1080_4.mp4,85.1,3840,2160,1920,1080,
source/09.mp4,AV1/09/3840x2160_1.mp4,71.57,3840,2160,3840,2160,
source/09.mp4,AV1/09/3840x2160_2.mp4,75.29,3840,2160,3840,2160,
source/09.mp4,AV1/09/3840x2160_3.mp4,82.38,3840,2160,3840,2160,
source/09.mp4,AV1/09/3840x2160_4.mp4,82.25,3840,2160,3840,2160,
source/10.mp4,HEVC/10/960x540_1.mp4,20.22,3840,2160,960,540,
source/10.mp4,HEVC/10/960x540_2.mp4,46.43,3840,2160,960,540,
source/10.mp4,HEVC/10/960x540_3.mp4,55.93,3840,2160,960,540,
source/10.mp4,HEVC/10/960x540_4.mp4,69.2,3840,2160,960,540,
source/10.mp4,HEVC/10/1920x1080_1.mp4,7.74,3840,2160,1920,1080,
source/10.mp4,HEVC/10/1920x1080_2.mp4,37.84,3840,2160,1920,1080,
source/10.mp4,HEVC/10/1920x1080_3.mp4,65.21,3840,2160,1920,1080,
source/10.mp4,HEVC/10/1920x1080_4.mp4,76.7,3840,2160,1920,1080,
source/10.mp4,HEVC/10/3840x2160_1.mp4,23.46,3840,2160,3840,2160,
source/10.mp4,HEVC/10/3840x2160_2.mp4,48.54,3840,2160,3840,2160,
source/10.mp4,HEVC/10/3840x2160_3.mp4,64.51,3840,2160,3840,2160,
source/10.mp4,HEVC/10/3840x2160_4.mp4,77.3,3840,2160,3840,2160,
source/10.mp4,H264/10/960x540_1.mp4,8.84,3840,2160,960,540,
source/10.mp4,H264/10/960x540_2.mp4,36.15,3840,2160,960,540,
source/10.mp4,H264/10/960x540_3.mp4,60.85,3840,2160,960,540,
source/10.mp4,H264/10/960x540_4.mp4,69.22,3840,2160,960,540,
source/10.mp4,H264/10/1920x1080_1.mp4,8.02,3840,2160,1920,1080,
source/10.mp4,H264/10/1920x1080_2.mp4,27.85,3840,2160,1920,1080,
source/10.mp4,H264/10/1920x1080_3.mp4,58.77,3840,2160,1920,1080,
source/10.mp4,H264/10/1920x1080_4.mp4,72.86,3840,2160,1920,1080,
source/10.mp4,H264/10/3840x2160_1.mp4,8.66,3840,2160,3840,2160,
source/10.mp4,H264/10/3840x2160_2.mp4,34.78,3840,2160,3840,2160,
source/10.mp4,H264/10/3840x2160_3.mp4,44.96,3840,2160,3840,2160,
source/10.mp4,H264/10/3840x2160_4.mp4,72.55,3840,2160,3840,2160,
source/10.mp4,VP9/10/960x540_1.mp4,37.25,3840,2160,960,540,
source/10.mp4,VP9/10/960x540_2.mp4,56.89,3840,2160,960,540,
source/10.mp4,VP9/10/960x540_3.mp4,61.99,3840,2160,960,540,
source/10.mp4,VP9/10/960x540_4.mp4,68.48,3840,2160,960,540,
source/10.mp4,VP9/10/1920x1080_1.mp4,40.69,3840,2160,1920,1080,
source/10.mp4,VP9/10/1920x1080_2.mp4,61.49,3840,2160,1920,1080,
source/10.mp4,VP9/10/1920x1080_3.mp4,74.34,3840,2160,1920,1080,
source/10.mp4,VP9/10/1920x1080_4.mp4,77.76,3840,2160,1920,1080,
source/10.mp4,VP9/10/3840x2160_1.mp4,47.53,3840,2160,3840,2160,
source/10.mp4,VP9/10/3840x2160_2.mp4,60.92,3840,2160,3840,2160,
source/10.mp4,VP9/10/3840x2160_3.mp4,68.57,3840,2160,3840,2160,
source/10.mp4,VP9/10/3840x2160_4.mp4,82.91,3840,2160,3840,2160,
source/10.mp4,AVS2/10/960x540_1.mp4,18.68,3840,2160,960,540,
source/10.mp4,AVS2/10/960x540_2.mp4,40.1,3840,2160,960,540,
source/10.mp4,AVS2/10/960x540_3.mp4,56.55,3840,2160,960,540,
source/10.mp4,AVS2/10/960x540_4.mp4,60.6,3840,2160,960,540,
source/10.mp4,AVS2/10/1920x1080_1.mp4,12.96,3840,2160,1920,1080,
source/10.mp4,AVS2/10/1920x1080_2.mp4,29.66,3840,2160,1920,1080,
source/10.mp4,AVS2/10/1920x1080_3.mp4,55.1,3840,2160,1920,1080,
source/10.mp4,AVS2/10/1920x1080_4.mp4,70.14,3840,2160,1920,1080,
source/10.mp4,AVS2/10/3840x2160_1.mp4,35.85,3840,2160,3840,2160,
source/10.mp4,AVS2/10/3840x2160_2.mp4,44.41,3840,2160,3840,2160,
source/10.mp4,AVS2/10/3840x2160_3.mp4,58.35,3840,2160,3840,2160,
source/10.mp4,AVS2/10/3840x2160_4.mp4,77.33,3840,2160,3840,2160,
source/10.mp4,AV1/10/960x540_1.mp4,31.39,3840,2160,960,540,
source/10.mp4,AV1/10/960x540_2.mp4,50.14,3840,2160,960,540,
source/10.mp4,AV1/10/960x540_3.mp4,64.57,3840,2160,960,540,
source/10.mp4,AV1/10/960x540_4.mp4,69.03,3840,2160,960,540,
source/10.mp4,AV1/10/1920x1080_1.mp4,46.06,3840,2160,1920,1080,
source/10.mp4,AV1/10/1920x1080_2.mp4,73.86,3840,2160,1920,1080,
source/10.mp4,AV1/10/1920x1080_3.mp4,74.2,3840,2160,1920,1080,
source/10.mp4,AV1/10/1920x1080_4.mp4,82.6,3840,2160,1920,1080,
source/10.mp4,AV1/10/3840x2160_1.mp4,59.33,3840,2160,3840,2160,
source/10.mp4,AV1/10/3840x2160_2.mp4,69.37,3840,2160,3840,2160,
source/10.mp4,AV1/10/3840x2160_3.mp4,80.42,3840,2160,3840,2160,
source/10.mp4,AV1/10/3840x2160_4.mp4,88.94,3840,2160,3840,2160,
source/11.mp4,HEVC/11/960x540_1.mp4,10.07,3840,2160,960,540,
source/11.mp4,HEVC/11/960x540_2.mp4,35.84,3840,2160,960,540,
source/11.mp4,HEVC/11/960x540_3.mp4,54.51,3840,2160,960,540,
source/11.mp4,HEVC/11/960x540_4.mp4,75.71,3840,2160,960,540,
source/11.mp4,HEVC/11/1920x1080_1.mp4,1.91,3840,2160,1920,1080,
source/11.mp4,HEVC/11/1920x1080_2.mp4,22.01,3840,2160,1920,1080,
source/11.mp4,HEVC/11/1920x1080_3.mp4,58.42,3840,2160,1920,1080,
source/11.mp4,HEVC/11/1920x1080_4.mp4,76.97,3840,2160,1920,1080,
source/11.mp4,HEVC/11/3840x2160_1.mp4,21.51,3840,2160,3840,2160,
source/11.mp4,HEVC/11/3840x2160_2.mp4,41.48,3840,2160,3840,2160,
source/11.mp4,HEVC/11/3840x2160_3.mp4,70.78,3840,2160,3840,2160,
source/11.mp4,HEVC/11/3840x2160_4.mp4,85.51,3840,2160,3840,2160,
source/11.mp4,H264/11/960x540_1.mp4,6.59,3840,2160,960,540,
source/11.mp4,H264/11/960x540_2.mp4,33.56,3840,2160,960,540,
source/11.mp4,H264/11/960x540_3.mp4,64.97,3840,2160,960,540,
source/11.mp4,H264/11/960x540_4.mp4,75.05,3840,2160,960,540,
source/11.mp4,H264/11/1920x1080_1.mp4,3.38,3840,2160,1920,1080,
source/11.mp4,H264/11/1920x1080_2.mp4,21.82,3840,2160,1920,1080,
source/11.mp4,H264/11/1920x1080_3.mp4,43.47,3840,2160,1920,1080,
source/11.mp4,H264/11/1920x1080_4.mp4,77.78,3840,2160,1920,1080,
source/11.mp4,H264/11/3840x2160_1.mp4,3.8,3840,2160,3840,2160,
source/11.mp4,H264/11/3840x2160_2.mp4,18.02,3840,2160,3840,2160,
source/11.mp4,H264/11/3840x2160_3.mp4,47.7,3840,2160,3840,2160,
source/11.mp4,H264/11/3840x2160_4.mp4,78.43,3840,2160,3840,2160,
source/11.mp4,VP9/11/960x540_1.mp4,38.45,3840,2160,960,540,
source/11.mp4,VP9/11/960x540_2.mp4,56.71,3840,2160,960,540,
source/11.mp4,VP9/11/960x540_3.mp4,67.18,3840,2160,960,540,
source/11.mp4,VP9/11/960x540_4.mp4,73.09,3840,2160,960,540,
source/11.mp4,VP9/11/1920x1080_1.mp4,25.82,3840,2160,1920,1080,
source/11.mp4,VP9/11/1920x1080_2.mp4,58.51,3840,2160,1920,1080,
source/11.mp4,VP9/11/1920x1080_3.mp4,80.18,3840,2160,1920,1080,
source/11.mp4,VP9/11/1920x1080_4.mp4,83.87,3840,2160,1920,1080,
source/11.mp4,VP9/11/3840x2160_1.mp4,47.92,3840,2160,3840,2160,
source/11.mp4,VP9/11/3840x2160_2.mp4,59.06,3840,2160,3840,2160,
source/11.mp4,VP9/11/3840x2160_3.mp4,75.57,3840,2160,3840,2160,
source/11.mp4,VP9/11/3840x2160_4.mp4,88.99,3840,2160,3840,2160,
source/11.mp4,AVS2/11/960x540_1.mp4,16.97,3840,2160,960,540,
source/11.mp4,AVS2/11/960x540_2.mp4,41.84,3840,2160,960,540,
source/11.mp4,AVS2/11/960x540_3.mp4,61.74,3840,2160,960,540,
source/11.mp4,AVS2/11/960x540_4.mp4,69.84,3840,2160,960,540,
source/11.mp4,AVS2/11/1920x1080_1.mp4,7.91,3840,2160,1920,1080,
source/11.mp4,AVS2/11/1920x1080_2.mp4,24.25,3840,2160,1920,1080,
source/11.mp4,AVS2/11/1920x1080_3.mp4,63.97,3840,2160,1920,1080,
source/11.mp4,AVS2/11/1920x1080_4.mp4,83.96,3840,2160,1920,1080,
source/11.mp4,AVS2/11/3840x2160_1.mp4,34.94,3840,2160,3840,2160,
source/11.mp4,AVS2/11/3840x2160_2.mp4,49.25,3840,2160,3840,2160,
source/11.mp4,AVS2/11/3840x2160_3.mp4,73.78,3840,2160,3840,2160,
source/11.mp4,AVS2/11/3840x2160_4.mp4,82.28,3840,2160,3840,2160,
source/11.mp4,AV1/11/960x540_1.mp4,43.44,3840,2160,960,540,
source/11.mp4,AV1/11/960x540_2.mp4,67.8,3840,2160,960,540,
source/11.mp4,AV1/11/960x540_3.mp4,76.2,3840,2160,960,540,
source/11.mp4,AV1/11/960x540_4.mp4,80.21,3840,2160,960,540,
source/11.mp4,AV1/11/1920x1080_1.mp4,45.49,3840,2160,1920,1080,
source/11.mp4,AV1/11/1920x1080_2.mp4,76.07,3840,2160,1920,1080,
source/11.mp4,AV1/11/1920x1080_3.mp4,77.97,3840,2160,1920,1080,
source/11.mp4,AV1/11/1920x1080_4.mp4,89.89,3840,2160,1920,1080,
source/11.mp4,AV1/11/3840x2160_1.mp4,62.05,3840,2160,3840,2160,
source/11.mp4,AV1/11/3840x2160_2.mp4,75.25,3840,2160,3840,2160,
source/11.mp4,AV1/11/3840x2160_3.mp4,84.87,3840,2160,3840,2160,
source/11.mp4,AV1/11/3840x2160_4.mp4,91.95,3840,2160,3840,2160,
source/12.mp4,HEVC/12/960x540_1.mp4,22.85,3840,2160,960,540,
source/12.mp4,HEVC/12/960x540_2.mp4,44.66,3840,2160,960,540,
source/12.mp4,HEVC/12/960x540_3.mp4,52.32,3840,2160,960,540,
source/12.mp4,HEVC/12/960x540_4.mp4,73.82,3840,2160,960,540,
source/12.mp4,HEVC/12/1920x1080_1.mp4,8.65,3840,2160,1920,1080,
source/12.mp4,HEVC/12/1920x1080_2.mp4,26.3,3840,2160,1920,1080,
source/12.mp4,HEVC/12/1920x1080_3.mp4,56.08,3840,2160,1920,1080,
source/12.mp4,HEVC/12/1920x1080_4.mp4,76.69,3840,2160,1920,1080,
source/12.mp4,HEVC/12/3840x2160_1.mp4,16.65,3840,2160,3840,2160,
source/12.mp4,HEVC/12/3840x2160_2.mp4,45.98,3840,2160,3840,2160,
source/12.mp4,HEVC/12/3840x2160_3.mp4,64.16,3840,2160,3840,2160,
source/12.mp4,HEVC/12/3840x2160_4.mp4,77.83,3840,2160,3840,2160,
source/12.mp4,H264/12/960x540_1.mp4,9.5,3840,2160,960,540,
source/12.mp4,H264/12/960x540_2.mp4,35.85,3840,2160,960,540,
source/12.mp4,H264/12/960x540_3.mp4,58.14,3840,2160,960,540,
source/12.mp4,H264/12/960x540_4.mp4,77.41,3840,2160,960,540,
source/12.mp4,H264/12/1920x1080_1.mp4,9.11,3840,2160,1920,1080,
source/12.mp4,H264/12/1920x1080_2.mp4,32.77,3840,2160,1920,1080,
source/12.mp4,H264/12/1920x1080_3.mp4,47.19,3840,2160,1920,1080,
source/12.mp4,H264/12/1920x1080_4.mp4,77.91,3840,2160,1920,1080,
source/12.mp4,H264/12/3840x2160_1.mp4,13.52,3840,2160,3840,2160,
source/12.mp4,H264/12/3840x2160_2.mp4,36.07,3840,2160,3840,2160,
source/12.mp4,H264/12/3840x2160_3.mp4,61.18,3840,2160,3840,2160,
source/12.mp4,H264/12/3840x2160_4.mp4,81.7,3840,2160,3840,2160,
source/12.mp4,VP9/12/960x540_1.mp4,46.66,3840,2160,960,540,
source/12.mp4,VP9/12/960x540_2.mp4,62.84,3840,2160,960,540,
source/12.mp4,VP9/12/960x540_3.mp4,66.97,3840,2160,960,540,
source/12.mp4,VP9/12/960x540_4.mp4,77.76,3840,2160,960,540,
source/12.mp4,VP9/12/1920x1080_1.mp4,33.78,3840,2160,1920,1080,
source/12.mp4,VP9/12/1920x1080_2.mp4,62.41,3840,2160,1920,1080,
source/12.mp4,VP9/12/1920x1080_3.mp4,75.43,3840,2160,1920,1080,
source/12.mp4,VP9/12/1920x1080_4.mp4,84.76,3840,2160,1920,1080,
source/12.mp4,VP9/12/3840x2160_1.mp4,38.41,3840,2160,3840,2160,
source/12.mp4,VP9/12/3840x2160_2.mp4,53.27,3840,2160,3840,2160,
source/12.mp4,VP9/12/3840x2160_3.mp4,71.96,3840,2160,3840,2160,
source/12.mp4,VP9/12/3840x2160_4.mp4,82.82,3840,2160,3840,2160,
source/12.mp4,AVS2/12/960x540_1.mp4,11.02,3840,2160,960,540,
source/12.mp4,AVS2/12/960x540_2.mp4,27.5,3840,2160,960,540,
source/12.mp4,AVS2/12/960x540_3.mp4,43.02,3840,2160,960,540,
source/12.mp4,AVS2/12/960x540_4.mp4,73.09,3840,2160,960,540,
source/12.mp4,AVS2/12/1920x1080_1.mp4,15.28,3840,2160,1920,1080,
source/12.mp4,AVS2/12/1920x1080_2.mp4,23.15,3840,2160,1920,1080,
source/12.mp4,AVS2/12/1920x1080_3.mp4,38.46,3840,2160,1920,1080,
source/12.mp4,AVS2/12/1920x1080_4.mp4,64.93,3840,2160,1920,1080,
source/12.mp4,AVS2/12/3840x2160_1.mp4,32.23,3840,2160,3840,2160,
source/12.mp4,AVS2/12/3840x2160_2.mp4,43.63,3840,2160,3840,2160,AVS2
source/12.mp4,AVS2/12/3840x2160_3.mp4,49.08,3840,2160,3840,2160,
source/12.mp4,AVS2/12/3840x2160_4.mp4,63.58,3840,2160,3840,2160,
source/12.mp4,AV1/12/960x540_1.mp4,59.09,3840,2160,960,540,
source/12.mp4,AV1/12/960x540_2.mp4,72.46,3840,2160,960,540,
source/12.mp4,AV1/12/960x540_3.mp4,75.3,3840,2160,960,540,
source/12.mp4,AV1/12/960x540_4.mp4,83.07,3840,2160,960,540,
source/12.mp4,AV1/12/1920x1080_1.mp4,55.98,3840,2160,1920,1080,
source/12.mp4,AV1/12/1920x1080_2.mp4,72.56,3840,2160,1920,1080,
source/12.mp4,AV1/12/1920x1080_3.mp4,83.21,3840,2160,1920,1080,
source/12.mp4,AV1/12/1920x1080_4.mp4,87.37,3840,2160,1920,1080,
source/12.mp4,AV1/12/3840x2160_1.mp4,59.52,3840,2160,3840,2160,
source/12.mp4,AV1/12/3840x2160_2.mp4,65.47,3840,2160,3840,2160,
source/12.mp4,AV1/12/3840x2160_3.mp4,84.65,3840,2160,3840,2160,
source/12.mp4,AV1/12/3840x2160_4.mp4,91.87,3840,2160,3840,2160,
source/13.mp4,HEVC/13/960x540_1.mp4,16.3,3840,2160,960,540,
source/13.mp4,HEVC/13/960x540_2.mp4,41.31,3840,2160,960,540,
source/13.mp4,HEVC/13/960x540_3.mp4,53.06,3840,2160,960,540,
source/13.mp4,HEVC/13/960x540_4.mp4,54.96,3840,2160,960,540,
source/13.mp4,HEVC/13/1920x1080_1.mp4,0.74,3840,2160,1920,1080,
source/13.mp4,HEVC/13/1920x1080_2.mp4,30.29,3840,2160,1920,1080,
source/13.mp4,HEVC/13/1920x1080_3.mp4,69.62,3840,2160,1920,1080,
source/13.mp4,HEVC/13/1920x1080_4.mp4,83.39,3840,2160,1920,1080,
source/13.mp4,HEVC/13/3840x2160_1.mp4,12.96,3840,2160,3840,2160,
source/13.mp4,HEVC/13/3840x2160_2.mp4,50.88,3840,2160,3840,2160,
source/13.mp4,HEVC/13/3840x2160_3.mp4,78.41,3840,2160,3840,2160,
source/13.mp4,HEVC/13/3840x2160_4.mp4,81.82,3840,2160,3840,2160,
source/13.mp4,H264/13/960x540_1.mp4,17.85,3840,2160,960,540,
source/13.mp4,H264/13/960x540_2.mp4,37.53,3840,2160,960,540,
source/13.mp4,H264/13/960x540_3.mp4,49.26,3840,2160,960,540,
source/13.mp4,H264/13/960x540_4.mp4,54.72,3840,2160,960,540,
source/13.mp4,H264/13/1920x1080_1.mp4,8.78,3840,2160,1920,1080,
source/13.mp4,H264/13/1920x1080_2.mp4,41.68,3840,2160,1920,1080,
source/13.mp4,H264/13/1920x1080_3.mp4,65.3,3840,2160,1920,1080,
source/13.mp4,H264/13/1920x1080_4.mp4,78.66,3840,2160,1920,1080,
source/13.mp4,H264/13/3840x2160_1.mp4,8.68,3840,2160,3840,2160,
source/13.mp4,H264/13/3840x2160_2.mp4,56.43,3840,2160,3840,2160,
source/13.mp4,H264/13/3840x2160_3.mp4,82.03,3840,2160,3840,2160,
source/13.mp4,H264/13/3840x2160_4.mp4,86.34,3840,2160,3840,2160,
source/13.mp4,VP9/13/960x540_1.mp4,49.37,3840,2160,960,540,
source/13.mp4,VP9/13/960x540_2.mp4,58.56,3840,2160,960,540,
source/13.mp4,VP9/13/960x540_3.mp4,57.53,3840,2160,960,540,
source/13.mp4,VP9/13/960x540_4.mp4,54.74,3840,2160,960,540,
source/13.mp4,VP9/13/1920x1080_1.mp4,54.19,3840,2160,1920,1080,
source/13.mp4,VP9/13/1920x1080_2.mp4,79.16,3840,2160,1920,1080,
source/13.mp4,VP9/13/1920x1080_3.mp4,79.41,3840,2160,1920,1080,
source/13.mp4,VP9/13/1920x1080_4.mp4,86.09,3840,2160,1920,1080,
source/13.mp4,VP9/13/3840x2160_1.mp4,65.27,3840,2160,3840,2160,
source/13.mp4,VP9/13/3840x2160_2.mp4,80.07,3840,2160,3840,2160,
source/13.mp4,VP9/13/3840x2160_3.mp4,87.83,3840,2160,3840,2160,
source/13.mp4,VP9/13/3840x2160_4.mp4,88.88,3840,2160,3840,2160,
source/13.mp4,AVS2/13/960x540_1.mp4,15.71,3840,2160,960,540,
source/13.mp4,AVS2/13/960x540_2.mp4,49.76,3840,2160,960,540,
source/13.mp4,AVS2/13/960x540_3.mp4,53.61,3840,2160,960,540,
source/13.mp4,AVS2/13/960x540_4.mp4,58.22,3840,2160,960,540,
source/13.mp4,AVS2/13/1920x1080_1.mp4,12.86,3840,2160,1920,1080,
source/13.mp4,AVS2/13/1920x1080_2.mp4,33.06,3840,2160,1920,1080,
source/13.mp4,AVS2/13/1920x1080_3.mp4,67.36,3840,2160,1920,1080,
source/13.mp4,AVS2/13/1920x1080_4.mp4,77.06,3840,2160,1920,1080,
source/13.mp4,AVS2/13/3840x2160_1.mp4,53.51,3840,2160,3840,2160,
source/13.mp4,AVS2/13/3840x2160_2.mp4,56.24,3840,2160,3840,2160,
source/13.mp4,AVS2/13/3840x2160_3.mp4,75.43,3840,2160,3840,2160,
source/13.mp4,AVS2/13/3840x2160_4.mp4,77.15,3840,2160,3840,2160,
source/13.mp4,AV1/13/960x540_1.mp4,47.63,3840,2160,960,540,
source/13.mp4,AV1/13/960x540_2.mp4,52.95,3840,2160,960,540,
source/13.mp4,AV1/13/960x540_3.mp4,61.04,3840,2160,960,540,
source/13.mp4,AV1/13/960x540_4.mp4,61.9,3840,2160,960,540,
source/13.mp4,AV1/13/1920x1080_1.mp4,62.13,3840,2160,1920,1080,
source/13.mp4,AV1/13/1920x1080_2.mp4,83.66,3840,2160,1920,1080,
source/13.mp4,AV1/13/1920x1080_3.mp4,81.03,3840,2160,1920,1080,
source/13.mp4,AV1/13/1920x1080_4.mp4,78.09,3840,2160,1920,1080,
source/13.mp4,AV1/13/3840x2160_1.mp4,76.05,3840,2160,3840,2160,
source/13.mp4,AV1/13/3840x2160_2.mp4,85.59,3840,2160,3840,2160,
source/13.mp4,AV1/13/3840x2160_3.mp4,87.77,3840,2160,3840,2160,
source/13.mp4,AV1/13/3840x2160_4.mp4,86.87,3840,2160,3840,2160,
source/14.mp4,HEVC/14/960x540_1.mp4,16.68,3840,2160,960,540,
source/14.mp4,HEVC/14/960x540_2.mp4,32.84,3840,2160,960,540,
source/14.mp4,HEVC/14/960x540_3.mp4,44.43,3840,2160,960,540,
source/14.mp4,HEVC/14/960x540_4.mp4,61.32,3840,2160,960,540,
source/14.mp4,HEVC/14/1920x1080_1.mp4,3.17,3840,2160,1920,1080,
source/14.mp4,HEVC/14/1920x1080_2.mp4,31.4,3840,2160,1920,1080,
source/14.mp4,HEVC/14/1920x1080_3.mp4,67.38,3840,2160,1920,1080,
source/14.mp4,HEVC/14/1920x1080_4.mp4,80.06,3840,2160,1920,1080,
source/14.mp4,HEVC/14/3840x2160_1.mp4,32.86,3840,2160,3840,2160,
source/14.mp4,HEVC/14/3840x2160_2.mp4,57.63,3840,2160,3840,2160,
source/14.mp4,HEVC/14/3840x2160_3.mp4,75.04,3840,2160,3840,2160,
source/14.mp4,HEVC/14/3840x2160_4.mp4,85.57,3840,2160,3840,2160,
source/14.mp4,H264/14/960x540_1.mp4,8.94,3840,2160,960,540,
source/14.mp4,H264/14/960x540_2.mp4,32.33,3840,2160,960,540,
source/14.mp4,H264/14/960x540_3.mp4,56.03,3840,2160,960,540,
source/14.mp4,H264/14/960x540_4.mp4,60.53,3840,2160,960,540,
source/14.mp4,H264/14/1920x1080_1.mp4,7.29,3840,2160,1920,1080,
source/14.mp4,H264/14/1920x1080_2.mp4,26.16,3840,2160,1920,1080,
source/14.mp4,H264/14/1920x1080_3.mp4,53.59,3840,2160,1920,1080,
source/14.mp4,H264/14/1920x1080_4.mp4,71.62,3840,2160,1920,1080,
source/14.mp4,H264/14/3840x2160_1.mp4,18.06,3840,2160,3840,2160,
source/14.mp4,H264/14/3840x2160_2.mp4,46.15,3840,2160,3840,2160,
source/14.mp4,H264/14/3840x2160_3.mp4,64.29,3840,2160,3840,2160,
source/14.mp4,H264/14/3840x2160_4.mp4,83.45,3840,2160,3840,2160,
source/14.mp4,VP9/14/960x540_1.mp4,47.06,3840,2160,960,540,
source/14.mp4,VP9/14/960x540_2.mp4,55.09,3840,2160,960,540,
source/14.mp4,VP9/14/960x540_3.mp4,58.94,3840,2160,960,540,
source/14.mp4,VP9/14/960x540_4.mp4,67.85,3840,2160,960,540,
source/14.mp4,VP9/14/1920x1080_1.mp4,63.39,3840,2160,1920,1080,
source/14.mp4,VP9/14/1920x1080_2.mp4,80.44,3840,2160,1920,1080,
source/14.mp4,VP9/14/1920x1080_3.mp4,85.62,3840,2160,1920,1080,
source/14.mp4,VP9/14/1920x1080_4.mp4,85.58,3840,2160,1920,1080,
source/14.mp4,VP9/14/3840x2160_1.mp4,74.44,3840,2160,3840,2160,
source/14.mp4,VP9/14/3840x2160_2.mp4,81.57,3840,2160,3840,2160,
source/14.mp4,VP9/14/3840x2160_3.mp4,91.2,3840,2160,3840,2160,
source/14.mp4,VP9/14/3840x2160_4.mp4,93.02,3840,2160,3840,2160,
source/14.mp4,AVS2/14/960x540_1.mp4,21.19,3840,2160,960,540,
source/14.mp4,AVS2/14/960x540_2.mp4,38.64,3840,2160,960,540,
source/14.mp4,AVS2/14/960x540_3.mp4,49.94,3840,2160,960,540,
source/14.mp4,AVS2/14/960x540_4.mp4,64.13,3840,2160,960,540,
source/14.mp4,AVS2/14/1920x1080_1.mp4,22.07,3840,2160,1920,1080,
source/14.mp4,AVS2/14/1920x1080_2.mp4,38.45,3840,2160,1920,1080,
source/14.mp4,AVS2/14/1920x1080_3.mp4,69.56,3840,2160,1920,1080,
source/14.mp4,AVS2/14/1920x1080_4.mp4,81.69,3840,2160,1920,1080,
source/14.mp4,AVS2/14/3840x2160_1.mp4,66.42,3840,2160,3840,2160,
source/14.mp4,AVS2/14/3840x2160_2.mp4,69.63,3840,2160,3840,2160,
source/14.mp4,AVS2/14/3840x2160_3.mp4,74.83,3840,2160,3840,2160,
source/14.mp4,AVS2/14/3840x2160_4.mp4,86.91,3840,2160,3840,2160,
source/14.mp4,AV1/14/960x540_1.mp4,53.17,3840,2160,960,540,
source/14.mp4,AV1/14/960x540_2.mp4,60.27,3840,2160,960,540,
source/14.mp4,AV1/14/960x540_3.mp4,61.4,3840,2160,960,540,
source/14.mp4,AV1/14/960x540_4.mp4,67.85,3840,2160,960,540,
source/14.mp4,AV1/14/1920x1080_1.mp4,70.96,3840,2160,1920,1080,
source/14.mp4,AV1/14/1920x1080_2.mp4,83.6,3840,2160,1920,1080,
source/14.mp4,AV1/14/1920x1080_3.mp4,86.12,3840,2160,1920,1080,
source/14.mp4,AV1/14/1920x1080_4.mp4,89.9,3840,2160,1920,1080,
source/14.mp4,AV1/14/3840x2160_1.mp4,85.86,3840,2160,3840,2160,
source/14.mp4,AV1/14/3840x2160_2.mp4,88.15,3840,2160,3840,2160,
source/14.mp4,AV1/14/3840x2160_3.mp4,93.34,3840,2160,3840,2160,
source/14.mp4,AV1/14/3840x2160_4.mp4,92.16,3840,2160,3840,2160,
source/15.mp4,HEVC/15/960x540_1.mp4,11.07,3840,2160,960,540,
source/15.mp4,HEVC/15/960x540_2.mp4,42.27,3840,2160,960,540,
source/15.mp4,HEVC/15/960x540_3.mp4,51.73,3840,2160,960,540,
source/15.mp4,HEVC/15/960x540_4.mp4,66.02,3840,2160,960,540,
source/15.mp4,HEVC/15/1920x1080_1.mp4,3.5,3840,2160,1920,1080,
source/15.mp4,HEVC/15/1920x1080_2.mp4,21.49,3840,2160,1920,1080,
source/15.mp4,HEVC/15/1920x1080_3.mp4,52.65,3840,2160,1920,1080,
source/15.mp4,HEVC/15/1920x1080_4.mp4,75,3840,2160,1920,1080,
source/15.mp4,HEVC/15/3840x2160_1.mp4,17.84,3840,2160,3840,2160,
source/15.mp4,HEVC/15/3840x2160_2.mp4,43.85,3840,2160,3840,2160,
source/15.mp4,HEVC/15/3840x2160_3.mp4,53.73,3840,2160,3840,2160,
source/15.mp4,HEVC/15/3840x2160_4.mp4,74.31,3840,2160,3840,2160,
source/15.mp4,H264/15/960x540_1.mp4,9.53,3840,2160,960,540,
source/15.mp4,H264/15/960x540_2.mp4,33.88,3840,2160,960,540,
source/15.mp4,H264/15/960x540_3.mp4,49.16,3840,2160,960,540,
source/15.mp4,H264/15/960x540_4.mp4,68.99,3840,2160,960,540,
source/15.mp4,H264/15/1920x1080_1.mp4,5.55,3840,2160,1920,1080,
source/15.mp4,H264/15/1920x1080_2.mp4,25.41,3840,2160,1920,1080,
source/15.mp4,H264/15/1920x1080_3.mp4,35.85,3840,2160,1920,1080,
source/15.mp4,H264/15/1920x1080_4.mp4,65.8,3840,2160,1920,1080,
source/15.mp4,H264/15/3840x2160_1.mp4,9.45,3840,2160,3840,2160,
source/15.mp4,H264/15/3840x2160_2.mp4,21.12,3840,2160,3840,2160,
source/15.mp4,H264/15/3840x2160_3.mp4,30.56,3840,2160,3840,2160,
source/15.mp4,H264/15/3840x2160_4.mp4,65.77,3840,2160,3840,2160,
source/15.mp4,VP9/15/960x540_1.mp4,30.17,3840,2160,960,540,
source/15.mp4,VP9/15/960x540_2.mp4,44.58,3840,2160,960,540,
source/15.mp4,VP9/15/960x540_3.mp4,50.02,3840,2160,960,540,
source/15.mp4,VP9/15/960x540_4.mp4,66.96,3840,2160,960,540,
source/15.mp4,VP9/15/1920x1080_1.mp4,27.06,3840,2160,1920,1080,
source/15.mp4,VP9/15/1920x1080_2.mp4,45.9,3840,2160,1920,1080,
source/15.mp4,VP9/15/1920x1080_3.mp4,65.15,3840,2160,1920,1080,
source/15.mp4,VP9/15/1920x1080_4.mp4,79.21,3840,2160,1920,1080,
source/15.mp4,VP9/15/3840x2160_1.mp4,36.25,3840,2160,3840,2160,
source/15.mp4,VP9/15/3840x2160_2.mp4,51.1,3840,2160,3840,2160,
source/15.mp4,VP9/15/3840x2160_3.mp4,68.4,3840,2160,3840,2160,
source/15.mp4,VP9/15/3840x2160_4.mp4,81.89,3840,2160,3840,2160,
source/15.mp4,AVS2/15/960x540_1.mp4,19.21,3840,2160,960,540,
source/15.mp4,AVS2/15/960x540_2.mp4,44.77,3840,2160,960,540,
source/15.mp4,AVS2/15/960x540_3.mp4,65.74,3840,2160,960,540,
source/15.mp4,AVS2/15/960x540_4.mp4,69.85,3840,2160,960,540,
source/15.mp4,AVS2/15/1920x1080_1.mp4,10.37,3840,2160,1920,1080,
source/15.mp4,AVS2/15/1920x1080_2.mp4,27.86,3840,2160,1920,1080,
source/15.mp4,AVS2/15/1920x1080_3.mp4,68.45,3840,2160,1920,1080,
source/15.mp4,AVS2/15/1920x1080_4.mp4,81.1,3840,2160,1920,1080,
source/15.mp4,AVS2/15/3840x2160_1.mp4,28.75,3840,2160,3840,2160,
source/15.mp4,AVS2/15/3840x2160_2.mp4,37.17,3840,2160,3840,2160,
source/15.mp4,AVS2/15/3840x2160_3.mp4,59.57,3840,2160,3840,2160,
source/15.mp4,AVS2/15/3840x2160_4.mp4,81.47,3840,2160,3840,2160,
source/15.mp4,AV1/15/960x540_1.mp4,37.29,3840,2160,960,540,
source/15.mp4,AV1/15/960x540_2.mp4,46.42,3840,2160,960,540,
source/15.mp4,AV1/15/960x540_3.mp4,67.93,3840,2160,960,540,
source/15.mp4,AV1/15/960x540_4.mp4,76.88,3840,2160,960,540,
source/15.mp4,AV1/15/1920x1080_1.mp4,25.84,3840,2160,1920,1080,
source/15.mp4,AV1/15/1920x1080_2.mp4,65.23,3840,2160,1920,1080,
source/15.mp4,AV1/15/1920x1080_3.mp4,72.29,3840,2160,1920,1080,
source/15.mp4,AV1/15/1920x1080_4.mp4,81.4,3840,2160,1920,1080,
source/15.mp4,AV1/15/3840x2160_1.mp4,56.13,3840,2160,3840,2160,
source/15.mp4,AV1/15/3840x2160_2.mp4,60.64,3840,2160,3840,2160,
source/15.mp4,AV1/15/3840x2160_3.mp4,82.76,3840,2160,3840,2160,
source/15.mp4,AV1/15/3840x2160_4.mp4,89.19,3840,2160,3840,2160,
source/16.mp4,HEVC/16/960x540_1.mp4,9.49,3840,2160,960,540,
source/16.mp4,HEVC/16/960x540_2.mp4,32.53,3840,2160,960,540,
source/16.mp4,HEVC/16/960x540_3.mp4,36.32,3840,2160,960,540,
source/16.mp4,HEVC/16/960x540_4.mp4,64.52,3840,2160,960,540,
source/16.mp4,HEVC/16/1920x1080_1.mp4,5.81,3840,2160,1920,1080,
source/16.mp4,HEVC/16/1920x1080_2.mp4,23.27,3840,2160,1920,1080,
source/16.mp4,HEVC/16/1920x1080_3.mp4,57.63,3840,2160,1920,1080,
source/16.mp4,HEVC/16/1920x1080_4.mp4,79.68,3840,2160,1920,1080,
source/16.mp4,HEVC/16/3840x2160_1.mp4,29.46,3840,2160,3840,2160,
source/16.mp4,HEVC/16/3840x2160_2.mp4,37.37,3840,2160,3840,2160,
source/16.mp4,HEVC/16/3840x2160_3.mp4,67.04,3840,2160,3840,2160,
source/16.mp4,HEVC/16/3840x2160_4.mp4,78.01,3840,2160,3840,2160,
source/16.mp4,H264/16/960x540_1.mp4,5.72,3840,2160,960,540,
source/16.mp4,H264/16/960x540_2.mp4,19.89,3840,2160,960,540,
source/16.mp4,H264/16/960x540_3.mp4,47.6,3840,2160,960,540,
source/16.mp4,H264/16/960x540_4.mp4,60.22,3840,2160,960,540,
source/16.mp4,H264/16/1920x1080_1.mp4,5.95,3840,2160,1920,1080,
source/16.mp4,H264/16/1920x1080_2.mp4,22.48,3840,2160,1920,1080,
source/16.mp4,H264/16/1920x1080_3.mp4,43,3840,2160,1920,1080,
source/16.mp4,H264/16/1920x1080_4.mp4,73.64,3840,2160,1920,1080,
source/16.mp4,H264/16/3840x2160_1.mp4,12.4,3840,2160,3840,2160,
source/16.mp4,H264/16/3840x2160_2.mp4,33.02,3840,2160,3840,2160,
source/16.mp4,H264/16/3840x2160_3.mp4,53.49,3840,2160,3840,2160,
source/16.mp4,H264/16/3840x2160_4.mp4,80.97,3840,2160,3840,2160,
source/16.mp4,VP9/16/960x540_1.mp4,37.86,3840,2160,960,540,
source/16.mp4,VP9/16/960x540_2.mp4,51.62,3840,2160,960,540,
source/16.mp4,VP9/16/960x540_3.mp4,62.16,3840,2160,960,540,
source/16.mp4,VP9/16/960x540_4.mp4,68.08,3840,2160,960,540,
source/16.mp4,VP9/16/1920x1080_1.mp4,32.4,3840,2160,1920,1080,
source/16.mp4,VP9/16/1920x1080_2.mp4,66.09,3840,2160,1920,1080,
source/16.mp4,VP9/16/1920x1080_3.mp4,78.02,3840,2160,1920,1080,
source/16.mp4,VP9/16/1920x1080_4.mp4,83.47,3840,2160,1920,1080,
source/16.mp4,VP9/16/3840x2160_1.mp4,45.29,3840,2160,3840,2160,
source/16.mp4,VP9/16/3840x2160_2.mp4,62.71,3840,2160,3840,2160,
source/16.mp4,VP9/16/3840x2160_3.mp4,81.29,3840,2160,3840,2160,
source/16.mp4,VP9/16/3840x2160_4.mp4,87.07,3840,2160,3840,2160,
source/16.mp4,AVS2/16/960x540_1.mp4,14.58,3840,2160,960,540,
source/16.mp4,AVS2/16/960x540_2.mp4,36.54,3840,2160,960,540,
source/16.mp4,AVS2/16/960x540_3.mp4,52.1,3840,2160,960,540,
source/16.mp4,AVS2/16/960x540_4.mp4,63.88,3840,2160,960,540,
source/16.mp4,AVS2/16/1920x1080_1.mp4,20.52,3840,2160,1920,1080,
source/16.mp4,AVS2/16/1920x1080_2.mp4,34.2,3840,2160,1920,1080,
source/16.mp4,AVS2/16/1920x1080_3.mp4,63.55,3840,2160,1920,1080,
source/16.mp4,AVS2/16/1920x1080_4.mp4,80.62,3840,2160,1920,1080,
source/16.mp4,AVS2/16/3840x2160_1.mp4,43.46,3840,2160,3840,2160,
source/16.mp4,AVS2/16/3840x2160_2.mp4,52.39,3840,2160,3840,2160,
source/16.mp4,AVS2/16/3840x2160_3.mp4,68.64,3840,2160,3840,2160,
source/16.mp4,AVS2/16/3840x2160_4.mp4,82.98,3840,2160,3840,2160,
source/16.mp4,AV1/16/960x540_1.mp4,43.93,3840,2160,960,540,
source/16.mp4,AV1/16/960x540_2.mp4,59.79,3840,2160,960,540,
source/16.mp4,AV1/16/960x540_3.mp4,59.52,3840,2160,960,540,
source/16.mp4,AV1/16/960x540_4.mp4,71.26,3840,2160,960,540,
source/16.mp4,AV1/16/1920x1080_1.mp4,65.81,3840,2160,1920,1080,
source/16.mp4,AV1/16/1920x1080_2.mp4,83.67,3840,2160,1920,1080,
source/16.mp4,AV1/16/1920x1080_3.mp4,86.57,3840,2160,1920,1080,
source/16.mp4,AV1/16/1920x1080_4.mp4,87.94,3840,2160,1920,1080,
source/16.mp4,AV1/16/3840x2160_1.mp4,69.11,3840,2160,3840,2160,
source/16.mp4,AV1/16/3840x2160_2.mp4,84.54,3840,2160,3840,2160,
source/16.mp4,AV1/16/3840x2160_3.mp4,87.2,3840,2160,3840,2160,
source/16.mp4,AV1/16/3840x2160_4.mp4,90.91,3840,2160,3840,2160,
source/17.mp4,HEVC/17/960x540_1.mp4,12.79,3840,2160,960,540,
source/17.mp4,HEVC/17/960x540_2.mp4,31.29,3840,2160,960,540,
source/17.mp4,HEVC/17/960x540_3.mp4,44.17,3840,2160,960,540,
source/17.mp4,HEVC/17/960x540_4.mp4,62.77,3840,2160,960,540,
source/17.mp4,HEVC/17/1920x1080_1.mp4,8.71,3840,2160,1920,1080,
source/17.mp4,HEVC/17/1920x1080_2.mp4,27.66,3840,2160,1920,1080,
source/17.mp4,HEVC/17/1920x1080_3.mp4,51.91,3840,2160,1920,1080,
source/17.mp4,HEVC/17/1920x1080_4.mp4,74.3,3840,2160,1920,1080,
source/17.mp4,HEVC/17/3840x2160_1.mp4,25.94,3840,2160,3840,2160,
source/17.mp4,HEVC/17/3840x2160_2.mp4,46.34,3840,2160,3840,2160,
source/17.mp4,HEVC/17/3840x2160_3.mp4,68.96,3840,2160,3840,2160,
source/17.mp4,HEVC/17/3840x2160_4.mp4,83.11,3840,2160,3840,2160,
source/17.mp4,H264/17/960x540_1.mp4,19.94,3840,2160,960,540,
source/17.mp4,H264/17/960x540_2.mp4,34.32,3840,2160,960,540,
source/17.mp4,H264/17/960x540_3.mp4,46.51,3840,2160,960,540,
source/17.mp4,H264/17/960x540_4.mp4,60.42,3840,2160,960,540,
source/17.mp4,H264/17/1920x1080_1.mp4,16.15,3840,2160,1920,1080,
source/17.mp4,H264/17/1920x1080_2.mp4,30.96,3840,2160,1920,1080,
source/17.mp4,H264/17/1920x1080_3.mp4,49.99,3840,2160,1920,1080,
source/17.mp4,H264/17/1920x1080_4.mp4,77.51,3840,2160,1920,1080,
source/17.mp4,H264/17/3840x2160_1.mp4,21.36,3840,2160,3840,2160,
source/17.mp4,H264/17/3840x2160_2.mp4,42.91,3840,2160,3840,2160,
source/17.mp4,H264/17/3840x2160_3.mp4,72.29,3840,2160,3840,2160,
source/17.mp4,H264/17/3840x2160_4.mp4,81.49,3840,2160,3840,2160,
source/17.mp4,VP9/17/960x540_1.mp4,37.04,3840,2160,960,540,
source/17.mp4,VP9/17/960x540_2.mp4,50.39,3840,2160,960,540,
source/17.mp4,VP9/17/960x540_3.mp4,56.67,3840,2160,960,540,
source/17.mp4,VP9/17/960x540_4.mp4,61.24,3840,2160,960,540,
source/17.mp4,VP9/17/1920x1080_1.mp4,30.43,3840,2160,1920,1080,
source/17.mp4,VP9/17/1920x1080_2.mp4,62.09,3840,2160,1920,1080,
source/17.mp4,VP9/17/1920x1080_3.mp4,76.87,3840,2160,1920,1080,
source/17.mp4,VP9/17/1920x1080_4.mp4,81.37,3840,2160,1920,1080,
source/17.mp4,VP9/17/3840x2160_1.mp4,37.87,3840,2160,3840,2160,
source/17.mp4,VP9/17/3840x2160_2.mp4,56.54,3840,2160,3840,2160,
source/17.mp4,VP9/17/3840x2160_3.mp4,69.48,3840,2160,3840,2160,
source/17.mp4,VP9/17/3840x2160_4.mp4,87.02,3840,2160,3840,2160,
source/17.mp4,AVS2/17/960x540_1.mp4,6.27,3840,2160,960,540,
source/17.mp4,AVS2/17/960x540_2.mp4,15.22,3840,2160,960,540,
source/17.mp4,AVS2/17/960x540_3.mp4,20.66,3840,2160,960,540,
source/17.mp4,AVS2/17/960x540_4.mp4,41.57,3840,2160,960,540,
source/17.mp4,AVS2/17/1920x1080_1.mp4,16.39,3840,2160,1920,1080,
source/17.mp4,AVS2/17/1920x1080_2.mp4,16.45,3840,2160,1920,1080,
source/17.mp4,AVS2/17/1920x1080_3.mp4,33.01,3840,2160,1920,1080,
source/17.mp4,AVS2/17/1920x1080_4.mp4,53.86,3840,2160,1920,1080,
source/17.mp4,AVS2/17/3840x2160_1.mp4,36.5,3840,2160,3840,2160,
source/17.mp4,AVS2/17/3840x2160_2.mp4,53.64,3840,2160,3840,2160,
source/17.mp4,AVS2/17/3840x2160_3.mp4,56.63,3840,2160,3840,2160,
source/17.mp4,AVS2/17/3840x2160_4.mp4,59.88,3840,2160,3840,2160,
source/17.mp4,AV1/17/960x540_1.mp4,38.57,3840,2160,960,540,
source/17.mp4,AV1/17/960x540_2.mp4,53.81,3840,2160,960,540,
source/17.mp4,AV1/17/960x540_3.mp4,60.34,3840,2160,960,540,
source/17.mp4,AV1/17/960x540_4.mp4,64.35,3840,2160,960,540,
source/17.mp4,AV1/17/1920x1080_1.mp4,43.63,3840,2160,1920,1080,
source/17.mp4,AV1/17/1920x1080_2.mp4,77.18,3840,2160,1920,1080,
source/17.mp4,AV1/17/1920x1080_3.mp4,81.73,3840,2160,1920,1080,
source/17.mp4,AV1/17/1920x1080_4.mp4,84.26,3840,2160,1920,1080,
source/17.mp4,AV1/17/3840x2160_1.mp4,45,3840,2160,3840,2160,
source/17.mp4,AV1/17/3840x2160_2.mp4,79.32,3840,2160,3840,2160,
source/17.mp4,AV1/17/3840x2160_3.mp4,85.22,3840,2160,3840,2160,
source/17.mp4,AV1/17/3840x2160_4.mp4,89.59,3840,2160,3840,2160,
source/18.mp4,HEVC/18/960x540_1.mp4,21.38,3840,2160,960,540,
source/18.mp4,HEVC/18/960x540_2.mp4,39.04,3840,2160,960,540,
source/18.mp4,HEVC/18/960x540_3.mp4,56.73,3840,2160,960,540,
source/18.mp4,HEVC/18/960x540_4.mp4,63.78,3840,2160,960,540,
source/18.mp4,HEVC/18/1920x1080_1.mp4,6.38,3840,2160,1920,1080,
source/18.mp4,HEVC/18/1920x1080_2.mp4,37.38,3840,2160,1920,1080,
source/18.mp4,HEVC/18/1920x1080_3.mp4,69.95,3840,2160,1920,1080,
source/18.mp4,HEVC/18/1920x1080_4.mp4,81.46,3840,2160,1920,1080,
source/18.mp4,HEVC/18/3840x2160_1.mp4,20.41,3840,2160,3840,2160,
source/18.mp4,HEVC/18/3840x2160_2.mp4,56.29,3840,2160,3840,2160,
source/18.mp4,HEVC/18/3840x2160_3.mp4,73.13,3840,2160,3840,2160,
source/18.mp4,HEVC/18/3840x2160_4.mp4,85.57,3840,2160,3840,2160,
source/18.mp4,H264/18/960x540_1.mp4,22.26,3840,2160,960,540,
source/18.mp4,H264/18/960x540_2.mp4,45.75,3840,2160,960,540,
source/18.mp4,H264/18/960x540_3.mp4,64.21,3840,2160,960,540,
source/18.mp4,H264/18/960x540_4.mp4,63.4,3840,2160,960,540,
source/18.mp4,H264/18/1920x1080_1.mp4,22.05,3840,2160,1920,1080,
source/18.mp4,H264/18/1920x1080_2.mp4,47.14,3840,2160,1920,1080,
source/18.mp4,H264/18/1920x1080_3.mp4,70.04,3840,2160,1920,1080,
source/18.mp4,H264/18/1920x1080_4.mp4,84.03,3840,2160,1920,1080,
source/18.mp4,H264/18/3840x2160_1.mp4,36.05,3840,2160,3840,2160,
source/18.mp4,H264/18/3840x2160_2.mp4,55.97,3840,2160,3840,2160,
source/18.mp4,H264/18/3840x2160_3.mp4,69.54,3840,2160,3840,2160,
source/18.mp4,H264/18/3840x2160_4.mp4,80.75,3840,2160,3840,2160,
source/18.mp4,VP9/18/960x540_1.mp4,47.8,3840,2160,960,540,
source/18.mp4,VP9/18/960x540_2.mp4,62.47,3840,2160,960,540,
source/18.mp4,VP9/18/960x540_3.mp4,62.76,3840,2160,960,540,
source/18.mp4,VP9/18/960x540_4.mp4,66.61,3840,2160,960,540,
source/18.mp4,VP9/18/1920x1080_1.mp4,46.53,3840,2160,1920,1080,
source/18.mp4,VP9/18/1920x1080_2.mp4,76.16,3840,2160,1920,1080,
source/18.mp4,VP9/18/1920x1080_3.mp4,79.53,3840,2160,1920,1080,
source/18.mp4,VP9/18/1920x1080_4.mp4,82.07,3840,2160,1920,1080,
source/18.mp4,VP9/18/3840x2160_1.mp4,55.03,3840,2160,3840,2160,
source/18.mp4,VP9/18/3840x2160_2.mp4,72.96,3840,2160,3840,2160,
source/18.mp4,VP9/18/3840x2160_3.mp4,79.74,3840,2160,3840,2160,
source/18.mp4,VP9/18/3840x2160_4.mp4,88.19,3840,2160,3840,2160,
source/18.mp4,AVS2/18/960x540_1.mp4,22.91,3840,2160,960,540,
source/18.mp4,AVS2/18/960x540_2.mp4,41.82,3840,2160,960,540,
source/18.mp4,AVS2/18/960x540_3.mp4,53.66,3840,2160,960,540,
source/18.mp4,AVS2/18/960x540_4.mp4,61.64,3840,2160,960,540,
source/18.mp4,AVS2/18/1920x1080_1.mp4,14.69,3840,2160,1920,1080,
source/18.mp4,AVS2/18/1920x1080_2.mp4,41.5,3840,2160,1920,1080,
source/18.mp4,AVS2/18/1920x1080_3.mp4,68.46,3840,2160,1920,1080,
source/18.mp4,AVS2/18/1920x1080_4.mp4,75.36,3840,2160,1920,1080,
source/18.mp4,AVS2/18/3840x2160_1.mp4,42.08,3840,2160,3840,2160,
source/18.mp4,AVS2/18/3840x2160_2.mp4,50.64,3840,2160,3840,2160,
source/18.mp4,AVS2/18/3840x2160_3.mp4,63.32,3840,2160,3840,2160,
source/18.mp4,AVS2/18/3840x2160_4.mp4,73.16,3840,2160,3840,2160,
source/18.mp4,AV1/18/960x540_1.mp4,50.62,3840,2160,960,540,
source/18.mp4,AV1/18/960x540_2.mp4,59.72,3840,2160,960,540,
source/18.mp4,AV1/18/960x540_3.mp4,66.28,3840,2160,960,540,
source/18.mp4,AV1/18/960x540_4.mp4,67.93,3840,2160,960,540,
source/18.mp4,AV1/18/1920x1080_1.mp4,66.77,3840,2160,1920,1080,
source/18.mp4,AV1/18/1920x1080_2.mp4,80.4,3840,2160,1920,1080,
source/18.mp4,AV1/18/1920x1080_3.mp4,82.96,3840,2160,1920,1080,
source/18.mp4,AV1/18/1920x1080_4.mp4,83.16,3840,2160,1920,1080,
source/18.mp4,AV1/18/3840x2160_1.mp4,65.82,3840,2160,3840,2160,
source/18.mp4,AV1/18/3840x2160_2.mp4,78.81,3840,2160,3840,2160,
source/18.mp4,AV1/18/3840x2160_3.mp4,85.36,3840,2160,3840,2160,
source/18.mp4,AV1/18/3840x2160_4.mp4,88.55,3840,2160,3840,2160,
source/19.mp4,HEVC/19/960x540_1.mp4,18.14,3840,2160,960,540,
source/19.mp4,HEVC/19/960x540_2.mp4,37.28,3840,2160,960,540,
source/19.mp4,HEVC/19/960x540_3.mp4,45.13,3840,2160,960,540,
source/19.mp4,HEVC/19/960x540_4.mp4,53.47,3840,2160,960,540,
source/19.mp4,HEVC/19/1920x1080_1.mp4,6.12,3840,2160,1920,1080,
source/19.mp4,HEVC/19/1920x1080_2.mp4,27.08,3840,2160,1920,1080,
source/19.mp4,HEVC/19/1920x1080_3.mp4,67.53,3840,2160,1920,1080,
source/19.mp4,HEVC/19/1920x1080_4.mp4,78.59,3840,2160,1920,1080,
source/19.mp4,HEVC/19/3840x2160_1.mp4,28.93,3840,2160,3840,2160,
source/19.mp4,HEVC/19/3840x2160_2.mp4,55.38,3840,2160,3840,2160,
source/19.mp4,HEVC/19/3840x2160_3.mp4,76.3,3840,2160,3840,2160,
source/19.mp4,HEVC/19/3840x2160_4.mp4,81.35,3840,2160,3840,2160,
source/19.mp4,H264/19/960x540_1.mp4,18.59,3840,2160,960,540,
source/19.mp4,H264/19/960x540_2.mp4,39.08,3840,2160,960,540,
source/19.mp4,H264/19/960x540_3.mp4,50.97,3840,2160,960,540,
source/19.mp4,H264/19/960x540_4.mp4,52.09,3840,2160,960,540,
source/19.mp4,H264/19/1920x1080_1.mp4,16.74,3840,2160,1920,1080,
source/19.mp4,H264/19/1920x1080_2.mp4,49.34,3840,2160,1920,1080,
source/19.mp4,H264/19/1920x1080_3.mp4,64.95,3840,2160,1920,1080,
source/19.mp4,H264/19/1920x1080_4.mp4,76.05,3840,2160,1920,1080,
source/19.mp4,H264/19/3840x2160_1.mp4,25.22,3840,2160,3840,2160,
source/19.mp4,H264/19/3840x2160_2.mp4,67.34,3840,2160,3840,2160,
source/19.mp4,H264/19/3840x2160_3.mp4,78.25,3840,2160,3840,2160,
source/19.mp4,H264/19/3840x2160_4.mp4,84.35,3840,2160,3840,2160,
source/19.mp4,VP9/19/960x540_1.mp4,40.61,3840,2160,960,540,
source/19.mp4,VP9/19/960x540_2.mp4,50.4,3840,2160,960,540,
source/19.mp4,VP9/19/960x540_3.mp4,50.91,3840,2160,960,540,
source/19.mp4,VP9/19/960x540_4.mp4,46.21,3840,2160,960,540,
source/19.mp4,VP9/19/1920x1080_1.mp4,55.85,3840,2160,1920,1080,
source/19.mp4,VP9/19/1920x1080_2.mp4,71.26,3840,2160,1920,1080,
source/19.mp4,VP9/19/1920x1080_3.mp4,86.56,3840,2160,1920,1080,
source/19.mp4,VP9/19/1920x1080_4.mp4,88.76,3840,2160,1920,1080,
source/19.mp4,VP9/19/3840x2160_1.mp4,63.81,3840,2160,3840,2160,
source/19.mp4,VP9/19/3840x2160_2.mp4,77.46,3840,2160,3840,2160,
source/19.mp4,VP9/19/3840x2160_3.mp4,87.62,3840,2160,3840,2160,
source/19.mp4,VP9/19/3840x2160_4.mp4,85.49,3840,2160,3840,2160,
source/19.mp4,AVS2/19/960x540_1.mp4,10.81,3840,2160,960,540,
source/19.mp4,AVS2/19/960x540_2.mp4,28.65,3840,2160,960,540,
source/19.mp4,AVS2/19/960x540_3.mp4,29.94,3840,2160,960,540,
source/19.mp4,AVS2/19/960x540_4.mp4,47.06,3840,2160,960,540,
source/19.mp4,AVS2/19/1920x1080_1.mp4,11.75,3840,2160,1920,1080,
source/19.mp4,AVS2/19/1920x1080_2.mp4,26.9,3840,2160,1920,1080,
source/19.mp4,AVS2/19/1920x1080_3.mp4,59.03,3840,2160,1920,1080,
source/19.mp4,AVS2/19/1920x1080_4.mp4,70.66,3840,2160,1920,1080,
source/19.mp4,AVS2/19/3840x2160_1.mp4,53.36,3840,2160,3840,2160,
source/19.mp4,AVS2/19/3840x2160_2.mp4,61.05,3840,2160,3840,2160,
source/19.mp4,AVS2/19/3840x2160_3.mp4,70.77,3840,2160,3840,2160,
source/19.mp4,AVS2/19/3840x2160_4.mp4,82.07,3840,2160,3840,2160,
source/19.mp4,AV1/19/960x540_1.mp4,38.3,3840,2160,960,540,
source/19.mp4,AV1/19/960x540_2.mp4,49.37,3840,2160,960,540,
source/19.mp4,AV1/19/960x540_3.mp4,50.1,3840,2160,960,540,
source/19.mp4,AV1/19/960x540_4.mp4,52.43,3840,2160,960,540,
source/19.mp4,AV1/19/1920x1080_1.mp4,67.28,3840,2160,1920,1080,
source/19.mp4,AV1/19/1920x1080_2.mp4,72.52,3840,2160,1920,1080,
source/19.mp4,AV1/19/1920x1080_3.mp4,80.68,3840,2160,1920,1080,
source/19.mp4,AV1/19/1920x1080_4.mp4,84.96,3840,2160,1920,1080,
source/19.mp4,AV1/19/3840x2160_1.mp4,68.47,3840,2160,3840,2160,
source/19.mp4,AV1/19/3840x2160_2.mp4,82.02,3840,2160,3840,2160,
source/19.mp4,AV1/19/3840x2160_3.mp4,86.54,3840,2160,3840,2160,
source/19.mp4,AV1/19/3840x2160_4.mp4,87.19,3840,2160,3840,2160,
source/20.mp4,HEVC/20/960x540_1.mp4,14.98,3840,2160,960,540,
source/20.mp4,HEVC/20/960x540_2.mp4,38.2,3840,2160,960,540,
source/20.mp4,HEVC/20/960x540_3.mp4,38.91,3840,2160,960,540,
source/20.mp4,HEVC/20/960x540_4.mp4,53.85,3840,2160,960,540,
source/20.mp4,HEVC/20/1920x1080_1.mp4,8.39,3840,2160,1920,1080,
source/20.mp4,HEVC/20/1920x1080_2.mp4,36.96,3840,2160,1920,1080,
source/20.mp4,HEVC/20/1920x1080_3.mp4,62.67,3840,2160,1920,1080,
source/20.mp4,HEVC/20/1920x1080_4.mp4,77.28,3840,2160,1920,1080,
source/20.mp4,HEVC/20/3840x2160_1.mp4,38.8,3840,2160,3840,2160,
source/20.mp4,HEVC/20/3840x2160_2.mp4,64.5,3840,2160,3840,2160,
source/20.mp4,HEVC/20/3840x2160_3.mp4,79.76,3840,2160,3840,2160,
source/20.mp4,HEVC/20/3840x2160_4.mp4,90.41,3840,2160,3840,2160,
source/20.mp4,H264/20/960x540_1.mp4,12.25,3840,2160,960,540,
source/20.mp4,H264/20/960x540_2.mp4,29.18,3840,2160,960,540,
source/20.mp4,H264/20/960x540_3.mp4,51.15,3840,2160,960,540,
source/20.mp4,H264/20/960x540_4.mp4,53.17,3840,2160,960,540,
source/20.mp4,H264/20/1920x1080_1.mp4,11.48,3840,2160,1920,1080,
source/20.mp4,H264/20/1920x1080_2.mp4,39.87,3840,2160,1920,1080,
source/20.mp4,H264/20/1920x1080_3.mp4,57.47,3840,2160,1920,1080,
source/20.mp4,H264/20/1920x1080_4.mp4,81.11,3840,2160,1920,1080,
source/20.mp4,H264/20/3840x2160_1.mp4,20.86,3840,2160,3840,2160,
source/20.mp4,H264/20/3840x2160_2.mp4,48.05,3840,2160,3840,2160,
source/20.mp4,H264/20/3840x2160_3.mp4,68.53,3840,2160,3840,2160,
source/20.mp4,H264/20/3840x2160_4.mp4,82.34,3840,2160,3840,2160,
source/20.mp4,VP9/20/960x540_1.mp4,46.12,3840,2160,960,540,
source/20.mp4,VP9/20/960x540_2.mp4,56.32,3840,2160,960,540,
source/20.mp4,VP9/20/960x540_3.mp4,54.24,3840,2160,960,540,
source/20.mp4,VP9/20/960x540_4.mp4,58.53,3840,2160,960,540,
source/20.mp4,VP9/20/1920x1080_1.mp4,56.4,3840,2160,1920,1080,
source/20.mp4,VP9/20/1920x1080_2.mp4,68.89,3840,2160,1920,1080,
source/20.mp4,VP9/20/1920x1080_3.mp4,78.55,3840,2160,1920,1080,
source/20.mp4,VP9/20/1920x1080_4.mp4,84.06,3840,2160,1920,1080,
source/20.mp4,VP9/20/3840x2160_1.mp4,62.69,3840,2160,3840,2160,
source/20.mp4,VP9/20/3840x2160_2.mp4,72.32,3840,2160,3840,2160,
source/20.mp4,VP9/20/3840x2160_3.mp4,85.74,3840,2160,3840,2160,
source/20.mp4,VP9/20/3840x2160_4.mp4,89.15,3840,2160,3840,2160,
source/20.mp4,AVS2/20/960x540_1.mp4,16.94,3840,2160,960,540,
source/20.mp4,AVS2/20/960x540_2.mp4,33.21,3840,2160,960,540,
source/20.mp4,AVS2/20/960x540_3.mp4,48.3,3840,2160,960,540,
source/20.mp4,AVS2/20/960x540_4.mp4,58.89,3840,2160,960,540,
source/20.mp4,AVS2/20/1920x1080_1.mp4,29.22,3840,2160,1920,1080,
source/20.mp4,AVS2/20/1920x1080_2.mp4,40.05,3840,2160,1920,1080,
source/20.mp4,AVS2/20/1920x1080_3.mp4,65.96,3840,2160,1920,1080,
source/20.mp4,AVS2/20/1920x1080_4.mp4,82.16,3840,2160,1920,1080,
source/20.mp4,AVS2/20/3840x2160_1.mp4,68.93,3840,2160,3840,2160,
source/20.mp4,AVS2/20/3840x2160_2.mp4,65.93,3840,2160,3840,2160,
source/20.mp4,AVS2/20/3840x2160_3.mp4,78.42,3840,2160,3840,2160,
source/20.mp4,AVS2/20/3840x2160_4.mp4,83.81,3840,2160,3840,2160,
source/20.mp4,AV1/20/960x540_1.mp4,45.91,3840,2160,960,540,
source/20.mp4,AV1/20/960x540_2.mp4,57.08,3840,2160,960,540,
source/20.mp4,AV1/20/960x540_3.mp4,62.48,3840,2160,960,540,
source/20.mp4,AV1/20/960x540_4.mp4,58.63,3840,2160,960,540,
source/20.mp4,AV1/20/1920x1080_1.mp4,79.73,3840,2160,1920,1080,
source/20.mp4,AV1/20/1920x1080_2.mp4,83.59,3840,2160,1920,1080,
source/20.mp4,AV1/20/1920x1080_3.mp4,86.19,3840,2160,1920,1080,
source/20.mp4,AV1/20/1920x1080_4.mp4,86.52,3840,2160,1920,1080,
source/20.mp4,AV1/20/3840x2160_1.mp4,74.07,3840,2160,3840,2160,
source/20.mp4,AV1/20/3840x2160_2.mp4,93.2,3840,2160,3840,2160,
source/20.mp4,AV1/20/3840x2160_3.mp4,93.53,3840,2160,3840,2160,
source/20.mp4,AV1/20/3840x2160_4.mp4,92.4,3840,2160,3840,2160,
